channel_handle,channel,subs_at_fetch,tier,group,video_id,title,views_exact_at_fetch,views_listed_on_channel_page,published,length_s,thumb_file,thumb_kind,fetch_date,age_listed,lum,sat,dark,white,warm,red,yellow,cool,edge,lumstd
PracticalEngineeringChannel,Practical Engineering,4.83M subscribers,T1,top,zRM2AnwNY20,The Wild Story of the Taum Sauk Dam Failure,,11M views,,,thumbs/PracticalEngineeringChannel__zRM2AnwNY20.jpg,maxresdefault,2026-09-30,1 year ago,0.4143,0.4728,0.0812,0.0102,0.0614,0.014,0.0026,0.4109,0.0509,0.2293
PracticalEngineeringChannel,Practical Engineering,4.83M subscribers,T1,top,HRx_dZawN44,The Hidden Engineering of Landfills,,11M views,,,thumbs/PracticalEngineeringChannel__HRx_dZawN44.jpg,maxresdefault,2026-09-30,2 years ago,0.7139,0.2477,0.0002,0.1919,0.2885,0.0431,0.0168,0.0159,0.0228,0.1652
PracticalEngineeringChannel,Practical Engineering,4.83M subscribers,T1,top,0kQXOTcEB_E,Why Are Beach Holes So Deadly?,,7M views,,,thumbs/PracticalEngineeringChannel__0kQXOTcEB_E.jpg,maxresdefault,2026-09-30,1 year ago,0.5423,0.5387,0.0008,0.0,0.699,0.0053,0.0001,0.0022,0.0319,0.1658
PracticalEngineeringChannel,Practical Engineering,4.83M subscribers,T1,top,3oBCtTv6yOw,What Really Happened at the Arecibo Telescope?,,9.4M views,,,thumbs/PracticalEngineeringChannel__3oBCtTv6yOw.jpg,maxresdefault,2026-09-30,5 years ago,0.4783,0.2578,0.0291,0.0418,0.0018,0.0,0.0146,0.0942,0.0562,0.2177
PracticalEngineeringChannel,Practical Engineering,4.83M subscribers,T1,top,bY1E2IkvQ3k,The Bizarre Paths of Groundwater Around Structures,,14M views,,,thumbs/PracticalEngineeringChannel__bY1E2IkvQ3k.jpg,maxresdefault,2026-09-30,4 years ago,0.6394,0.3115,0.0022,0.0267,0.3472,0.0518,0.0241,0.0587,0.0268,0.1737
PracticalEngineeringChannel,Practical Engineering,4.83M subscribers,T1,top,e-DVIQPqS8E,How Do Sinkholes Form?,,13M views,,,thumbs/PracticalEngineeringChannel__e-DVIQPqS8E.jpg,maxresdefault,2026-09-30,9 years ago,0.4959,0.1979,0.0019,0.0721,0.3099,0.0324,0.1579,0.0,0.033,0.2292
PracticalEngineeringChannel,Practical Engineering,4.83M subscribers,T1,low,7oi4yMr8Rjk,Bridge Demolition is Complicated,,572K,,,thumbs/PracticalEngineeringChannel__7oi4yMr8Rjk.jpg,maxresdefault,2026-09-30,3mo ago,0.5049,0.2003,0.092,0.0608,0.0346,0.0109,0.0242,0.0026,0.0358,0.2527
PracticalEngineeringChannel,Practical Engineering,4.83M subscribers,T1,low,DWLcmq_DiaA,Fixing the Most Dangerous Dam in the World,,670K,,,thumbs/PracticalEngineeringChannel__DWLcmq_DiaA.jpg,maxresdefault,2026-09-30,4mo ago,0.677,0.1767,0.0408,0.1815,0.0917,0.0548,0.0005,0.0045,0.0416,0.2474
PracticalEngineeringChannel,Practical Engineering,4.83M subscribers,T1,low,UF63eFJmbrQ,This Spillway Failed On Purpose,,783K,,,thumbs/PracticalEngineeringChannel__UF63eFJmbrQ.jpg,maxresdefault,2026-09-30,5mo ago,0.5061,0.1939,0.0332,0.0174,0.0218,0.0216,0.0094,0.0397,0.0405,0.1948
PracticalEngineeringChannel,Practical Engineering,4.83M subscribers,T1,extra,J7ieKmP96Hc,The Wild Story of the Teton Dam Failure,,1.2M,,,thumbs/PracticalEngineeringChannel__J7ieKmP96Hc.jpg,maxresdefault,2026-09-30,5mo ago,0.5758,0.1807,0.0849,0.1333,0.0826,0.017,0.0087,0.0202,0.041,0.2674
PracticalEngineeringChannel,Practical Engineering,4.83M subscribers,T1,extra,Ku_ockR2t44,The Mind-Blowing Flaw That Flooded New Orleans,,1.9M,,,thumbs/PracticalEngineeringChannel__Ku_ockR2t44.jpg,maxresdefault,2026-09-30,2mo ago,0.5436,0.3345,0.0991,0.081,0.0204,0.0066,0.0949,0.2059,0.0292,0.2635
RealEngineering,Real Engineering,5.12M subscribers,T1,top,wk6Qr6OO5Xo,The Insane Engineering of the A-10 Warthog,,19M views,,,thumbs/RealEngineering__wk6Qr6OO5Xo.jpg,maxresdefault,2026-09-30,6 years ago,0.5012,0.3298,0.1774,0.2016,0.1092,0.0605,0.0006,0.144,0.05,0.3379
RealEngineering,Real Engineering,5.12M subscribers,T1,top,3hYSnyVLmGE,The Insane Engineering of the SR-71 Blackbird,,10M views,,,thumbs/RealEngineering__3hYSnyVLmGE.jpg,maxresdefault,2026-09-30,6 years ago,0.3738,0.4851,0.2962,0.1009,0.1374,0.0386,0.0001,0.2564,0.0402,0.3117
RealEngineering,Real Engineering,5.12M subscribers,T1,top,saCdvAp5cow,How a Single Swedish Submarine Defeated the US Navy,,10M views,,,thumbs/RealEngineering__saCdvAp5cow.jpg,maxresdefault,2026-09-30,8 years ago,0.4546,0.6018,0.0,0.0363,0.0,0.0,0.0,0.8102,0.0305,0.1663
RealEngineering,Real Engineering,5.12M subscribers,T1,top,7OpM_zKGE4o,The Problem with Solar Energy in Africa,,8.1M views,,,thumbs/RealEngineering__7OpM_zKGE4o.jpg,maxresdefault,2026-09-30,4 years ago,0.3829,0.3398,0.3995,0.1425,0.0126,0.0125,0.0199,0.2032,0.0531,0.3582
RealEngineering,Real Engineering,5.12M subscribers,T1,top,aICaAEXDJQQ,The Insane Engineering of James Webb Telescope,,8.8M views,,,thumbs/RealEngineering__aICaAEXDJQQ.jpg,maxresdefault,2026-09-30,4 years ago,0.3529,0.477,0.3686,0.1059,0.2415,0.0039,0.1092,0.1039,0.0317,0.3022
RealEngineering,Real Engineering,5.12M subscribers,T1,low,UiPJbxryrkU,Sagrada Familia - Full Documentary,,413K,,,thumbs/RealEngineering__UiPJbxryrkU.jpg,maxresdefault,2026-09-30,1mo ago,0.4726,0.1397,0.1212,0.0073,0.0786,0.0786,0.0,0.0358,0.0367,0.2491
RealEngineering,Real Engineering,5.12M subscribers,T1,low,Vf_pS0XSTyo,Solar Farms in Space - Reflect Orbital,,537K,,,thumbs/RealEngineering__Vf_pS0XSTyo.jpg,maxresdefault,2026-09-30,9mo ago,0.4324,0.7223,0.3528,0.1691,0.5602,0.2794,0.1908,0.0,0.04,0.3603
RealEngineering,Real Engineering,5.12M subscribers,T1,low,ZewlcJsfbn8,The Dark Side of the World’s Lightest Structural Metal,,562K,,,thumbs/RealEngineering__ZewlcJsfbn8.jpg,maxresdefault,2026-09-30,3mo ago,0.4937,0.4069,0.0725,0.0676,0.2128,0.0965,0.0087,0.3208,0.0471,0.2532
RealEngineering,Real Engineering,5.12M subscribers,T1,extra,n7Q1vubN4w8,Why America’s Tank Failed in Ukraine,,1.6M,,,thumbs/RealEngineering__n7Q1vubN4w8.jpg,maxresdefault,2026-09-30,7mo ago,0.39,0.4471,0.1669,0.0289,0.1541,0.013,0.0693,0.3761,0.0316,0.2206
MentourPilot,Mentour Pilot,2.51M subscribers,T1,top,C-nALYF73hU,The Crash that KILLED Concorde | Air France flight 4590,,16M views,,,thumbs/MentourPilot__C-nALYF73hU.jpg,maxresdefault,2026-09-30,5 years ago,0.5757,0.3516,0.0745,0.0667,0.0156,0.0084,0.0011,0.2726,0.0291,0.2224
MentourPilot,Mentour Pilot,2.51M subscribers,T1,top,2d9B9RN5quA,What REALLY Caused the Worst Airport Disaster In History?! | Tenerife Airport Disaster,,11M views,,,thumbs/MentourPilot__2d9B9RN5quA.jpg,maxresdefault,2026-09-30,4 years ago,0.3908,0.4578,0.1767,0.0691,0.0555,0.0164,0.0044,0.3774,0.0473,0.2648
MentourPilot,Mentour Pilot,2.51M subscribers,T1,top,e5AGHEUxLME,TITANIC of the Skies! - The Air France 447 Accident Explained,,9.2M views,,,thumbs/MentourPilot__e5AGHEUxLME.jpg,maxresdefault,2026-09-30,3 years ago,0.3552,0.6586,0.2829,0.0908,0.0051,0.0051,0.0,0.4856,0.0303,0.2964
MentourPilot,Mentour Pilot,2.51M subscribers,T1,top,nj7nG6gJqsU,HOW was THIS Allowed to HAPPEN?!,,7.1M views,,,thumbs/MentourPilot__nj7nG6gJqsU.jpg,maxresdefault,2026-09-30,4 years ago,0.6694,0.2852,0.0106,0.2567,0.2373,0.0236,0.062,0.0272,0.029,0.2629
MentourPilot,Mentour Pilot,2.51M subscribers,T1,top,0pLRMJyD9TY,WHY did The Pilots CONTINUE?! Asiana flight 214,,5.4M views,,,thumbs/MentourPilot__0pLRMJyD9TY.jpg,maxresdefault,2026-09-30,3 years ago,0.4106,0.4684,0.1511,0.0841,0.0723,0.039,0.0132,0.3864,0.0429,0.2712
MentourPilot,Mentour Pilot,2.51M subscribers,T1,low,1BU5hqbU1z4,The Explosion That Killed A City,,443K,,,thumbs/MentourPilot__1BU5hqbU1z4.jpg,maxresdefault,2026-09-30,5mo ago,0.3173,0.3513,0.3657,0.0383,0.161,0.1186,0.0005,0.0558,0.0416,0.2645
MentourPilot,Mentour Pilot,2.51M subscribers,T1,low,npW_RLgRo5c,The Door OPENED Itself!? | United Airlines Flight 811,,658K,,,thumbs/MentourPilot__npW_RLgRo5c.jpg,maxresdefault,2026-09-30,3mo ago,0.2359,0.692,0.5619,0.0464,0.0255,0.0078,0.0015,0.2785,0.0426,0.2681
MentourPilot,Mentour Pilot,2.51M subscribers,T1,low,rTWD8wRn4H8,The DEADLY Secret That Ripped This Plane APART! | The Insane Story Of The 1977 Dan-Air Crash,,666K,,,thumbs/MentourPilot__rTWD8wRn4H8.jpg,maxresdefault,2026-09-30,4mo ago,0.3013,0.5053,0.3465,0.0451,0.1977,0.0648,0.0005,0.173,0.043,0.2533
MentourPilot,Mentour Pilot,2.51M subscribers,T1,extra,uIKFXMXqVt4,,,,,,thumbs/MentourPilot__uIKFXMXqVt4.jpg,maxresdefault,2026-09-30,,0.2272,0.3532,0.5336,0.0444,0.1607,0.1338,0.0,0.0097,0.0476,0.2587
FascinatingHorror,Fascinating Horror,1.46M subscribers,T1,top,EPaBRegvkuQ,The Sunshine Skyway Bridge Disaster | A Short Documentary | Fascinating Horror,,4.6M views,,,thumbs/FascinatingHorror__EPaBRegvkuQ.jpg,maxresdefault,2026-09-30,3 years ago,0.3872,0.0824,0.0813,0.025,0.0,0.0,0.0,0.0,0.051,0.2229
FascinatingHorror,Fascinating Horror,1.46M subscribers,T1,top,v2h4vw9cYP8,The Los Alfaques Disaster | A Short Documentary | Fascinating Horror,,3.4M views,,,thumbs/FascinatingHorror__v2h4vw9cYP8.jpg,maxresdefault,2026-09-30,5 years ago,0.524,0.2659,0.0849,0.0,0.2399,0.022,0.0376,0.0019,0.0514,0.2213
FascinatingHorror,Fascinating Horror,1.46M subscribers,T1,top,Z4oiYtvavTY,Dead on Arrival: The Soyuz 11 Disaster | A Short Documentary | Fascinating Horror,,3.3M views,,,thumbs/FascinatingHorror__Z4oiYtvavTY.jpg,maxresdefault,2026-09-30,1 year ago,0.3568,0.1912,0.0891,0.0106,0.0019,0.0,0.0,0.0,0.0249,0.1553
FascinatingHorror,Fascinating Horror,1.46M subscribers,T1,top,BtJUbTa8q0M,Joints Stuffed With Newspaper: The Ronan Point Disaster | A Short Documentary | Fascinating Horror,,2.7M views,,,thumbs/FascinatingHorror__BtJUbTa8q0M.jpg,maxresdefault,2026-09-30,2 years ago,0.3879,0.1317,0.233,0.0188,0.0854,0.0854,0.0,0.0041,0.0391,0.2427
FascinatingHorror,Fascinating Horror,1.46M subscribers,T1,top,4hRNhosh8Lk,"""Horrorglass"" and Locked Exits: The Summerland Fire | Fascinating Horror",,2.9M views,,,thumbs/FascinatingHorror__4hRNhosh8Lk.jpg,maxresdefault,2026-09-30,5 years ago,0.2472,0.2061,0.3964,0.0212,0.088,0.0141,0.0083,0.001,0.0366,0.2092
FascinatingHorror,Fascinating Horror,1.46M subscribers,T1,top,VA8jIgvA8fo,The Halifax Explosion | A Short Documentary | Fascinating Horror,,2.6M views,,,thumbs/FascinatingHorror__VA8jIgvA8fo.jpg,maxresdefault,2026-09-30,5 years ago,0.5958,0.0,0.0469,0.0206,0.0,0.0,0.0,0.0,0.0455,0.2205
FascinatingHorror,Fascinating Horror,1.46M subscribers,T1,low,FTkmRF_TYRQ,COMPILATION: Fascinating Horror Shorts 31 - 60 | Fascinating Horror,,74K,,,thumbs/FascinatingHorror__FTkmRF_TYRQ.jpg,maxresdefault,2026-09-30,4mo ago,0.203,0.0,0.4801,0.0295,0.0,0.0,0.0,0.0,0.0515,0.2137
FascinatingHorror,Fascinating Horror,1.46M subscribers,T1,low,lUfqJ90PQFY,How The Fukushima Nuclear Plant Melted Down | Fascinating Horror,,204K,,,thumbs/FascinatingHorror__lUfqJ90PQFY.jpg,maxresdefault,2026-09-30,4mo ago,0.3635,0.131,0.3257,0.0457,0.0435,0.0013,0.0401,0.0022,0.046,0.2901
FascinatingHorror,Fascinating Horror,1.46M subscribers,T1,low,DXyReo7l_aQ,Blinded By A Rollercoaster: The Problem With Dragon Challenge | Fascinating Horror,,254K,,,thumbs/FascinatingHorror__DXyReo7l_aQ.jpg,maxresdefault,2026-09-30,6mo ago,0.2994,0.3635,0.4369,0.0316,0.006,0.0011,0.0004,0.4072,0.0421,0.2783
FascinatingHorror,Fascinating Horror,1.46M subscribers,T1,extra,QJIR8mecD4w,,,,,,thumbs/FascinatingHorror__QJIR8mecD4w.jpg,maxresdefault,2026-09-30,,0.3708,0.1084,0.1269,0.0189,0.0004,0.0,0.0005,0.0029,0.0431,0.2021
PlainlyDifficult,Plainly Difficult,1.1M subscribers,T1,top,VE8FnsnWz48,A Brief History of: The Demon Core (Short Documentary),,7.9M views,,,thumbs/PlainlyDifficult__VE8FnsnWz48.jpg,maxresdefault,2026-09-30,7 years ago,0.7893,0.0039,0.0227,0.3337,0.0045,0.0045,0.0,0.0,0.0428,0.195
PlainlyDifficult,Plainly Difficult,1.1M subscribers,T1,top,IkBJU8BbrUs,Part 1 The Chernobyl Disaster Explained 1986  | A Brief History of Documentary,,2.9M views,,,thumbs/PlainlyDifficult__IkBJU8BbrUs.jpg,maxresdefault,2026-09-30,5 years ago,0.3347,0.1283,0.2575,0.0261,0.005,0.003,0.0046,0.0,0.0358,0.2475
PlainlyDifficult,Plainly Difficult,1.1M subscribers,T1,top,lIvD2agDBnM,The Ronan Point Tower Disaster 1968 | Plainly Difficult Documentary,,1.7M views,,,thumbs/PlainlyDifficult__lIvD2agDBnM.jpg,maxresdefault,2026-09-30,4 years ago,0.3667,0.2533,0.216,0.0561,0.0297,0.0249,0.0,0.0062,0.0908,0.2567
PlainlyDifficult,Plainly Difficult,1.1M subscribers,T1,top,-5idPqAlLGU,A Brief History of: The Sampoong Department Store Collapse (Documentary),,1.7M views,,,thumbs/PlainlyDifficult__-5idPqAlLGU.jpg,maxresdefault,2026-09-30,5 years ago,0.4994,0.1952,0.0134,0.0408,0.013,0.0118,0.0,0.0029,0.0437,0.2016
PlainlyDifficult,Plainly Difficult,1.1M subscribers,T1,top,7-NKdWV5SCg,A Brief History of: The Sodium Reactor Experiment Accident (short Documentary),,1.6M views,,,thumbs/PlainlyDifficult__7-NKdWV5SCg.jpg,maxresdefault,2026-09-30,6 years ago,0.5639,0.0179,0.0239,0.153,0.0191,0.0191,0.0,0.0,0.0728,0.2612
PlainlyDifficult,Plainly Difficult,1.1M subscribers,T1,top,aUa2VXecghg,Scandal: Takata Airbags The Worst Product Recall in History? | Short Documentary,,1.8M views,,,thumbs/PlainlyDifficult__aUa2VXecghg.jpg,maxresdefault,2026-09-30,4 years ago,0.2513,0.184,0.5676,0.0555,0.0764,0.0673,0.0001,0.0113,0.0453,0.3178
PlainlyDifficult,Plainly Difficult,1.1M subscribers,T1,low,ZYs7e9GEtX0,The Insane SPERT Nuclear Reactor Meltdown Test | Plainly Difficult Radiation Documentary,,109K,,,thumbs/PlainlyDifficult__ZYs7e9GEtX0.jpg,maxresdefault,2026-09-30,3mo ago,0.5499,0.1519,0.0382,0.0634,0.039,0.0358,0.0,0.0,0.0289,0.1893
PlainlyDifficult,Plainly Difficult,1.1M subscribers,T1,low,5jCwB7mhRLU,Train Crashes into Wall at FULL Speed | Plainly Difficult,,117K,,,thumbs/PlainlyDifficult__5jCwB7mhRLU.jpg,maxresdefault,2026-09-30,2mo ago,0.4941,0.1277,0.0477,0.0609,0.0247,0.0247,0.0,0.0,0.0436,0.2213
PlainlyDifficult,Plainly Difficult,1.1M subscribers,T1,low,aqeEdRmQTKo,Instant Collapse: When the MV Dali Toppled the Francis Scott Key Bridge,,122K,,,thumbs/PlainlyDifficult__aqeEdRmQTKo.jpg,maxresdefault,2026-09-30,6mo ago,0.3748,0.1917,0.2692,0.0635,0.0245,0.0245,0.0018,0.0,0.0315,0.2778
PlainlyDifficult,Plainly Difficult,1.1M subscribers,T1,extra,nF7ShkZaaqY,,,,,,thumbs/PlainlyDifficult__nF7ShkZaaqY.jpg,maxresdefault,2026-09-30,,0.4372,0.3516,0.1411,0.0411,0.0615,0.0267,0.0114,0.489,0.0486,0.2234
PlainlyDifficult,Plainly Difficult,1.1M subscribers,T1,extra,vUqgGrsjFQ0,,,,,,thumbs/PlainlyDifficult__vUqgGrsjFQ0.jpg,maxresdefault,2026-09-30,,0.4123,0.1565,0.0996,0.0376,0.0249,0.0249,0.0,0.0,0.0611,0.2393
DisasterBreakdown,Disaster Breakdown,262K subscribers,T1,top,wSmtnuFoAv0,Did This Small Mistake Kill Everyone? - The Heartbreaking Story of Air Canada 621,,1.4M views,,,thumbs/DisasterBreakdown__wSmtnuFoAv0.jpg,maxresdefault,2026-09-30,2y ago,0.3636,0.451,0.1509,0.1224,0.0507,0.035,0.0422,0.2587,0.0525,0.2795
DisasterBreakdown,Disaster Breakdown,262K subscribers,T1,top,Jl29NPpEkT8,Cruel False Hope ☂️ The Awful Story of the New York Mid-air Collision - DISASTER BREAKDOWN,,1.3M views,,,thumbs/DisasterBreakdown__Jl29NPpEkT8.jpg,maxresdefault,2026-09-30,2y ago,0.4928,0.2231,0.1094,0.1309,0.0149,0.0087,0.0028,0.0689,0.0622,0.287
DisasterBreakdown,Disaster Breakdown,262K subscribers,T1,top,b2ZwvOTjr7M,They Planned To Kill Many More People (Air India Flight 182) - DISASTER BREAKDOWN,,1.1M views,,,thumbs/DisasterBreakdown__b2ZwvOTjr7M.jpg,maxresdefault,2026-09-30,3 years ago,0.4759,0.3945,0.0335,0.0715,0.026,0.004,0.0023,0.3903,0.0431,0.235
DisasterBreakdown,Disaster Breakdown,262K subscribers,T1,top,wdzByk9IvQ4,The Heartbreaking Nightmare of Saudia Flight 163 - DISASTER BREAKDOWN,,1.1M views,,,thumbs/DisasterBreakdown__wdzByk9IvQ4.jpg,maxresdefault,2026-09-30,2y ago,0.3006,0.4117,0.4733,0.1124,0.0506,0.0057,0.1031,0.018,0.0555,0.3302
DisasterBreakdown,Disaster Breakdown,262K subscribers,T1,top,H2xhxAykb1k,Why Didn't They Listen (Braniff International Airways Flight 352) - DISASTER BREAKDOWN,,1M views,,,thumbs/DisasterBreakdown__H2xhxAykb1k.jpg,maxresdefault,2026-09-30,3y ago,0.6667,0.2755,0.0585,0.2693,0.0057,0.0057,0.0,0.1359,0.0526,0.2737
DisasterBreakdown,Disaster Breakdown,262K subscribers,T1,low,sFNhVrv6L6o,737 Down Over ABQ - Wayfarer Flight 515,,67K,,,thumbs/DisasterBreakdown__sFNhVrv6L6o.jpg,maxresdefault,2026-09-30,5mo ago,0.534,0.5102,0.0984,0.1244,0.0984,0.025,0.0265,0.4782,0.0495,0.2592
DisasterBreakdown,Disaster Breakdown,262K subscribers,T1,low,Xj7HBWjFl4U,Andes Miracle - Why The Plane Crashed (A Deep Dive into Uruguayan Air Force 571),,85K,,,thumbs/DisasterBreakdown__Xj7HBWjFl4U.jpg,maxresdefault,2026-09-30,6mo ago,0.6237,0.3025,0.0952,0.0205,0.0,0.0,0.0,0.1722,0.0328,0.2588
DisasterBreakdown,Disaster Breakdown,262K subscribers,T1,low,CsstSTTQfdA,With a Song in Their Hearts 💙 Pan Am 526A Clipper Endeavor,,119K,,,thumbs/DisasterBreakdown__CsstSTTQfdA.jpg,maxresdefault,2026-09-30,11d ago,0.5361,0.5929,0.0916,0.1401,0.0023,0.0001,0.0,0.5626,0.0615,0.2912
TheB1M,The B1M,4.08M subscribers,T1,top,Wehsz38P74g,Why New York’s Billionaires’ Row Is Half Empty,,20M views,,,thumbs/TheB1M__Wehsz38P74g.jpg,maxresdefault,2026-09-30,4 years ago,0.7888,0.1579,0.0474,0.518,0.0001,0.0001,0.0,0.0729,0.0425,0.2537
TheB1M,The B1M,4.08M subscribers,T1,top,JgkgBZfLu2I,Why Shanghai Tower Failed,,7.8M views,,,thumbs/TheB1M__JgkgBZfLu2I.jpg,maxresdefault,2026-09-30,6 years ago,0.6523,0.2274,0.0123,0.0196,0.0,0.0,0.0,0.1927,0.018,0.2129
TheB1M,The B1M,4.08M subscribers,T1,top,a_-BrHqQwXI,Africa’s $5BN Megadam Will Block the Nile,,10M views,,,thumbs/TheB1M__a_-BrHqQwXI.jpg,maxresdefault,2026-09-30,3 years ago,0.5232,0.1201,0.0201,0.0507,0.0069,0.0,0.0053,0.0079,0.0435,0.1937
TheB1M,The B1M,4.08M subscribers,T1,top,sYFbyZBvnlU,Inside Europe's $1BN Abandoned Mega Build,,9.2M views,,,thumbs/TheB1M__sYFbyZBvnlU.jpg,maxresdefault,2026-09-30,1 year ago,0.4215,0.1559,0.1378,0.0284,0.0009,0.0,0.001,0.0073,0.0682,0.2271
TheB1M,The B1M,4.08M subscribers,T1,top,OPUlqYN4Z-k,The Flatiron: The Shocking Story of New York’s Strangest Tower,,6.9M views,,,thumbs/TheB1M__OPUlqYN4Z-k.jpg,maxresdefault,2026-09-30,3 years ago,0.6714,0.3134,0.0099,0.13,0.1763,0.0102,0.0079,0.1983,0.0496,0.2215
TheB1M,The B1M,4.08M subscribers,T1,top,2gwrSaNSl00,Saudi Arabia Built a $16BN Clock Tower,,8.6M views,,,thumbs/TheB1M__2gwrSaNSl00.jpg,maxresdefault,2026-09-30,2 years ago,0.4388,0.1926,0.1435,0.0616,0.1075,0.0085,0.0089,0.017,0.0831,0.2594
TheB1M,The B1M,4.08M subscribers,T1,low,dbmXZUZwdeg,Why Japan Builds Like Nowhere Else,,358K,,,thumbs/TheB1M__dbmXZUZwdeg.jpg,maxresdefault,2026-09-30,2mo ago,0.5176,0.3872,0.0306,0.0028,0.1277,0.0201,0.0007,0.3109,0.0716,0.1844
TheB1M,The B1M,4.08M subscribers,T1,low,6_v4hBVjqvo,"The Urgent Race to Save Turkey's 1,500-Year-Old Building",,538K,,,thumbs/TheB1M__6_v4hBVjqvo.jpg,maxresdefault,2026-09-30,3mo ago,0.539,0.1647,0.0357,0.0051,0.0255,0.0077,0.0191,0.0152,0.0509,0.2241
TheB1M,The B1M,4.08M subscribers,T1,low,n_cqgL2UZFk,What is Being Built Under New York?,,571K,,,thumbs/TheB1M__n_cqgL2UZFk.jpg,maxresdefault,2026-09-30,1mo ago,0.2711,0.358,0.3732,0.0085,0.1541,0.0741,0.0262,0.0507,0.0952,0.221
TheB1M,The B1M,4.08M subscribers,T1,extra,nIOUg5TV5Uc,,,,,,thumbs/TheB1M__nIOUg5TV5Uc.jpg,maxresdefault,2026-09-30,,0.5343,0.1438,0.0184,0.0123,0.0369,0.0044,0.01,0.0,0.0183,0.1617
SabinCivil,Sabin Civil Engineering,6.97M subscribers,T1,top,E6tp8DCAJ-0,Golden Gate Bridge | The CRAZY Engineering behind it,,19M views,,,thumbs/SabinCivil__E6tp8DCAJ-0.jpg,maxresdefault,2026-09-30,4 years ago,0.4885,0.3472,0.0019,0.0096,0.2271,0.2254,0.0004,0.0154,0.0267,0.1549
SabinCivil,Sabin Civil Engineering,6.97M subscribers,T1,top,t5cJB6JL0_k,Underwater Constructions | How do Engineers Make Them?,,14M views,,,thumbs/SabinCivil__t5cJB6JL0_k.jpg,maxresdefault,2026-09-30,2 years ago,0.4405,0.3631,0.0492,0.015,0.1662,0.0493,0.0061,0.4008,0.049,0.1835
SabinCivil,Sabin Civil Engineering,6.97M subscribers,T1,top,suIAo0EYwOE,Tesla Valve | The complete physics,,59M views,,,thumbs/SabinCivil__suIAo0EYwOE.jpg,maxresdefault,2026-09-30,6 years ago,0.5125,0.5826,0.0388,0.0128,0.4523,0.0105,0.0,0.3271,0.0319,0.206
SabinCivil,Sabin Civil Engineering,6.97M subscribers,T1,top,_GoQmBhdr98,Silver Bridge | The Tragedy That Changed Civil Engineering Forever,,1.1M,,,thumbs/SabinCivil___GoQmBhdr98.jpg,maxresdefault,2026-09-30,1y ago,0.423,0.3651,0.1301,0.085,0.0228,0.01,0.0162,0.3541,0.058,0.2617
SabinCivil,Sabin Civil Engineering,6.97M subscribers,T1,top,XzgryPhtc1Y,The interesting engineering behind the SHAPE of Train wheels!,,31M views,,,thumbs/SabinCivil__XzgryPhtc1Y.jpg,maxresdefault,2026-09-30,4 years ago,0.6332,0.1671,0.0114,0.0109,0.0376,0.0,0.0723,0.0013,0.0312,0.1949
SabinCivil,Sabin Civil Engineering,6.97M subscribers,T1,low,1UzlVPhvEco,This Bridge Disappared in Seconds : Sunshine Skyway Disaster,,31K,,,thumbs/SabinCivil__1UzlVPhvEco.jpg,maxresdefault,2026-09-30,4mo ago,0.3684,0.3626,0.2857,0.1214,0.0408,0.0109,0.0129,0.1359,0.0609,0.3065
SabinCivil,Sabin Civil Engineering,6.97M subscribers,T1,low,LkrjYgcr5n4,China’s Top Secret: How the Deadliest Dam Collapse was Caused by a Minor Flaw,,129K,,,thumbs/SabinCivil__LkrjYgcr5n4.jpg,maxresdefault,2026-09-30,4mo ago,0.4996,0.294,0.1069,0.2185,0.2531,0.128,0.0,0.106,0.0456,0.3107
SabinCivil,Sabin Civil Engineering,6.97M subscribers,T1,low,m4joDZLtI84,Extreme Soviet Engineering : Drilling into the Mantle of the Earth,,116K,,,thumbs/SabinCivil__m4joDZLtI84.jpg,maxresdefault,2026-09-30,2mo ago,0.3496,0.4094,0.2169,0.0951,0.2043,0.1418,0.0024,0.1343,0.0507,0.2769
DarkRecordsDocs,Dark Records,653K subscribers,T1,top,PcWRO2pyLA8,The Lake Peigneur Giant Sinkhole Disaster 1980,,6.7M views,,,thumbs/DarkRecordsDocs__PcWRO2pyLA8.jpg,maxresdefault,2026-09-30,4 years ago,0.4826,0.2254,0.0527,0.0374,0.0,0.0,0.0,0.0417,0.0459,0.2372
DarkRecordsDocs,Dark Records,653K subscribers,T1,top,VslQpDCUsbQ,The Ship Sinking MS Estonia (Disaster Documentary),,4.8M views,,,thumbs/DarkRecordsDocs__VslQpDCUsbQ.jpg,hqdefault,2026-09-30,4 years ago,0.2766,0.3105,0.3196,0.0319,0.3214,0.001,0.0102,0.0655,0.0589,0.2538
DarkRecordsDocs,Dark Records,653K subscribers,T1,top,NgQ7jh9mrWs,The 2020 Beirut Explosion Disaster Documentary,,4.8M views,,,thumbs/DarkRecordsDocs__NgQ7jh9mrWs.jpg,maxresdefault,2026-09-30,3 years ago,0.3971,0.2799,0.1557,0.076,0.2281,0.114,0.0139,0.0,0.033,0.2434
DarkRecordsDocs,Dark Records,653K subscribers,T1,top,okaqNg4Q9gI,This Mistake Cost 16 Skydivers Their Lives (Lake Erie Disaster),,4.7M views,,,thumbs/DarkRecordsDocs__okaqNg4Q9gI.jpg,maxresdefault,2026-09-30,3 years ago,0.4813,0.2795,0.0688,0.0665,0.0368,0.0125,0.0056,0.3127,0.0517,0.225
DarkRecordsDocs,Dark Records,653K subscribers,T1,top,0SFcWZx3L4g,The Kaprun Alpine Railway Disaster 2000,,2.7M views,,,thumbs/DarkRecordsDocs__0SFcWZx3L4g.jpg,maxresdefault,2026-09-30,4 years ago,0.3031,0.4633,0.3846,0.0768,0.1895,0.0506,0.0101,0.0773,0.0576,0.2747
DarkRecordsDocs,Dark Records,653K subscribers,T1,top,HNpcwmIyuH0,Train Wiped Out a Town - The Lac-Mégantic Inferno 2013,,2.6M views,,,thumbs/DarkRecordsDocs__HNpcwmIyuH0.jpg,maxresdefault,2026-09-30,3 years ago,0.3777,0.2077,0.1176,0.0675,0.0092,0.0021,0.0007,0.0349,0.0817,0.242
DarkRecordsDocs,Dark Records,653K subscribers,T1,low,cWkcVZHrmJc,The Infamous Tauern Tunnel Fire Inferno,,56K,,,thumbs/DarkRecordsDocs__cWkcVZHrmJc.jpg,maxresdefault,2026-09-30,3mo ago,0.3322,0.3985,0.3716,0.0765,0.0434,0.0288,0.0098,0.0046,0.0434,0.275
DarkRecordsDocs,Dark Records,653K subscribers,T1,low,VXOhLrOSorg,Soviet Jet Disintegrates Over Crowd at the Paris Air Show,,47K,,,thumbs/DarkRecordsDocs__VXOhLrOSorg.jpg,maxresdefault,2026-09-30,3mo ago,0.4539,0.4143,0.1993,0.0311,0.0446,0.0118,0.0021,0.4506,0.02,0.2713
DarkRecordsDocs,Dark Records,653K subscribers,T1,low,TJzufknvce8,"The ""Bomb Cyclone"" Blizzard That Buried America",,37K,,,thumbs/DarkRecordsDocs__TJzufknvce8.jpg,maxresdefault,2026-09-30,4mo ago,0.6836,0.2355,0.0616,0.2993,0.0457,0.0005,0.0107,0.0157,0.0612,0.2717
DarkRecordsDocs,Dark Records,653K subscribers,T1,extra,ownv_3ovCNA,Why Did This Brand New Water Park Explode?,,2.9M views,,,thumbs/DarkRecordsDocs__ownv_3ovCNA.jpg,maxresdefault,2026-09-30,1y ago,0.4582,0.2368,0.0522,0.012,0.1473,0.0433,0.0062,0.0,0.027,0.2362
BrickImmortar,Brick Immortar,401K subscribers,T1,top,-BNDub3h2_I,DISASTROUS INDIFFERENCE: The Loss of SS El Faro,,4.8M views,,,thumbs/BrickImmortar__-BNDub3h2_I.jpg,maxresdefault,2026-09-30,4y ago,0.6127,0.1671,0.1918,0.4251,0.0101,0.0097,0.0004,0.1508,0.0361,0.3834
BrickImmortar,Brick Immortar,401K subscribers,T1,top,g-uJ1do3yV8,CRUSH DEPTH: The Nightmarish Loss of USS Thresher,,4.7M views,,,thumbs/BrickImmortar__g-uJ1do3yV8.jpg,maxresdefault,2026-09-30,3y ago,0.7024,0.1623,0.1319,0.5055,0.0,0.0,0.0,0.1688,0.0539,0.3445
BrickImmortar,Brick Immortar,401K subscribers,T1,top,cyNFhthQ97Q,TRAGICALLY INEXPERIENCED: The Ocean Ranger Oil Rig Disaster,,4.3M views,,,thumbs/BrickImmortar__cyNFhthQ97Q.jpg,maxresdefault,2026-09-30,4y ago,0.6356,0.1259,0.127,0.3556,0.0315,0.0137,0.0012,0.0256,0.0521,0.3371
BrickImmortar,Brick Immortar,401K subscribers,T1,top,3htwtaJI2nM,A COLLISION OF GUILT: The Sunshine Skyway Bridge Collapse,,3M views,,,thumbs/BrickImmortar__3htwtaJI2nM.jpg,maxresdefault,2026-09-30,4y ago,0.5219,0.2188,0.1835,0.2269,0.0101,0.0022,0.0018,0.1701,0.063,0.3395
BrickImmortar,Brick Immortar,401K subscribers,T1,top,yal0RZvzW-0,OFFSHORE NIGHTMARE: The Collapse of Texas Tower 4,,2.4M views,,,thumbs/BrickImmortar__yal0RZvzW-0.jpg,maxresdefault,2026-09-30,1y ago,0.5776,0.1199,0.1237,0.1346,0.0001,0.0001,0.0,0.0553,0.0416,0.2909
BrickImmortar,Brick Immortar,401K subscribers,T1,top,259gYwTWUyU,The Sampoong Department Store Collapse: Largest Mall Disaster in History,,2M views,,,thumbs/BrickImmortar__259gYwTWUyU.jpg,maxresdefault,2026-09-30,5 years ago,0.6481,0.2716,0.0859,0.3185,0.274,0.1322,0.0597,0.022,0.0699,0.307
BrickImmortar,Brick Immortar,401K subscribers,T1,low,0tEEVNHbUWQ,Built From Deadly Lessons Learned,,300K,,,thumbs/BrickImmortar__0tEEVNHbUWQ.jpg,maxresdefault,2026-09-30,4y ago,0.5999,0.1727,0.1701,0.2848,0.0995,0.071,0.0075,0.0101,0.0802,0.356
BrickImmortar,Brick Immortar,401K subscribers,T1,low,N4P7qHjp3nE,Snow Covered Negligence: The Knickerbocker Theater Disaster,,347K,,,thumbs/BrickImmortar__N4P7qHjp3nE.jpg,maxresdefault,2026-09-30,4y ago,0.6904,0.0268,0.0911,0.2765,0.0005,0.0001,0.0,0.0,0.0465,0.2971
BrickImmortar,Brick Immortar,401K subscribers,T1,low,dyo56rwtY2Q,Tragic Turning Point: The Armagh Rail Disaster,,473K,,,thumbs/BrickImmortar__dyo56rwtY2Q.jpg,maxresdefault,2026-09-30,4y ago,0.682,0.1484,0.1439,0.3716,0.113,0.0156,0.1137,0.0005,0.093,0.3454
BrickImmortar,Brick Immortar,401K subscribers,T1,extra,d8o54wmXpV0,A COLLISION OF BLAME: The Total Collapse of Baltimore's Key Bridge,,493K views,,,thumbs/BrickImmortar__d8o54wmXpV0.jpg,maxresdefault,2026-09-30,2mo ago,0.5655,0.1825,0.1676,0.2135,0.0811,0.042,0.0149,0.0813,0.0675,0.3295
DarkDocs,Dark Docs,1.2M subscribers,T1,top,v_-bW8F7E6M,The First Concorde Crash was Soviet,,9.5M views,,,thumbs/DarkDocs__v_-bW8F7E6M.jpg,maxresdefault,2026-09-30,7 years ago,0.6477,0.2121,0.0101,0.0196,0.0124,0.0112,0.0002,0.0043,0.0135,0.1693
DarkDocs,Dark Docs,1.2M subscribers,T1,top,ws5pq_QNCWE,The Filthiest Chernobyl Men You've Never Heard Of,,5.1M views,,,thumbs/DarkDocs__ws5pq_QNCWE.jpg,maxresdefault,2026-09-30,7 years ago,0.2514,0.6921,0.3625,0.0167,0.6292,0.2129,0.013,0.0,0.027,0.2055
DarkDocs,Dark Docs,1.2M subscribers,T1,top,-v5tymzKrIY,The Mystery of the Other Atomic Bomb,,3.6M views,,,thumbs/DarkDocs__-v5tymzKrIY.jpg,maxresdefault,2026-09-30,3 years ago,0.2113,0.3903,0.2908,0.0,0.1071,0.047,0.0,0.0928,0.0418,0.1155
DarkDocs,Dark Docs,1.2M subscribers,T1,top,S4FCXbzlaPE,The Massive Blast That Swallowed an Army Alive,,2.8M views,,,thumbs/DarkDocs__S4FCXbzlaPE.jpg,maxresdefault,2026-09-30,5 years ago,0.3893,0.5109,0.0618,0.0047,0.0341,0.0322,0.235,0.0012,0.0371,0.1663
DarkDocs,Dark Docs,1.2M subscribers,T1,top,Yfgbm_0QGbU,"The Nazi Superweapon That Needed 4,000 Men to Fire",,3.5M views,,,thumbs/DarkDocs__Yfgbm_0QGbU.jpg,maxresdefault,2026-09-30,6 years ago,0.4741,0.2031,0.2057,0.1292,0.1159,0.0718,0.0304,0.0001,0.0469,0.3237
DarkDocs,Dark Docs,1.2M subscribers,T1,low,t9LKYMGTT2k,The Tactical Disaster that 10 Presidents Haven't Been Able to Solve,,10K,,,thumbs/DarkDocs__t9LKYMGTT2k.jpg,maxresdefault,2026-09-30,4mo ago,0.3755,0.3136,0.1982,0.0007,0.3071,0.0306,0.0,0.0,0.024,0.2186
DarkDocs,Dark Docs,1.2M subscribers,T1,low,x5rVoV9OuDY,"The One Man Who Held Off 1,000 Chinese Soldiers",,11K,,,thumbs/DarkDocs__x5rVoV9OuDY.jpg,maxresdefault,2026-09-30,3mo ago,0.3995,0.2992,0.1878,0.0106,0.1445,0.0118,0.0259,0.0192,0.0246,0.2455
DarkDocs,Dark Docs,1.2M subscribers,T1,low,UBn2iIwMMHs,The Brutal Reality of Being a WWII Tank Commander,,16K,,,thumbs/DarkDocs__UBn2iIwMMHs.jpg,maxresdefault,2026-09-30,4mo ago,0.508,0.1486,0.0338,0.1676,0.0329,0.0329,0.0,0.0,0.0386,0.2772
TheHydraulicRecord,The Hydraulic Record,25.3K subscribers,T1,top,9pH_3n23_8o,The Nepal Flood: What We Know,,2M views,,,thumbs/TheHydraulicRecord__9pH_3n23_8o.jpg,maxresdefault,2026-09-30,1mo ago,0.4414,0.2251,0.1327,0.0984,0.0873,0.0215,0.001,0.1034,0.0653,0.258
TheHydraulicRecord,The Hydraulic Record,25.3K subscribers,T1,top,aRYq2kuHL2E,Teton Dam: The Dam That Failed Its First Fill,,1M views,,,thumbs/TheHydraulicRecord__aRYq2kuHL2E.jpg,maxresdefault,2026-09-30,2mo ago,0.3454,0.2439,0.3687,0.1089,0.0287,0.0182,0.0007,0.0001,0.0388,0.3033
TheHydraulicRecord,The Hydraulic Record,25.3K subscribers,T1,top,CFnh54FeNo0,Banqiao Dam: The Deadliest Dam Failure in History,,358K views,,,thumbs/TheHydraulicRecord__CFnh54FeNo0.jpg,maxresdefault,2026-09-30,2mo ago,0.5004,0.2533,0.1115,0.0969,0.2321,0.0159,0.0043,0.0,0.0628,0.25
TheHydraulicRecord,The Hydraulic Record,25.3K subscribers,T1,top,-l11P5nXNHg,Vajont: Six Minutes That Erased A Valley,,160K views,,,thumbs/TheHydraulicRecord__-l11P5nXNHg.jpg,maxresdefault,2026-09-30,3mo ago,0.3603,0.2248,0.2322,0.0,0.0526,0.0209,0.0001,0.0,0.0501,0.2535
TheHydraulicRecord,The Hydraulic Record,25.3K subscribers,T1,top,5_hKEz4v0pw,Glen Canyon Dam: How a Bubble Nearly Destroyed It,,157K views,,,thumbs/TheHydraulicRecord__5_hKEz4v0pw.jpg,maxresdefault,2026-09-30,2mo ago,0.5399,0.3009,0.0757,0.145,0.1192,0.0671,0.0023,0.2358,0.0532,0.2495
TheHydraulicRecord,The Hydraulic Record,25.3K subscribers,T1,top,mwwdnfaNKxk,How Close Oroville Dam Came to Failing in 2017,,132K views,,,thumbs/TheHydraulicRecord__mwwdnfaNKxk.jpg,maxresdefault,2026-09-30,3mo ago,0.3802,0.2431,0.1415,0.1002,0.2079,0.0227,0.0518,0.0064,0.0453,0.2578
TheHydraulicRecord,The Hydraulic Record,25.3K subscribers,T1,low,-KBjE-6B_ws,How Russia Weaponized a River in Ukraine,,19K views,,,thumbs/TheHydraulicRecord__-KBjE-6B_ws.jpg,maxresdefault,2026-09-30,2mo ago,0.4461,0.1767,0.1686,0.0871,0.0464,0.0053,0.0022,0.0128,0.0471,0.2653
TheHydraulicRecord,The Hydraulic Record,25.3K subscribers,T1,low,jPJOZqYFYUQ,Black Hills Flood: The Dam Wasn't the Disaster,,40K views,,,thumbs/TheHydraulicRecord__jPJOZqYFYUQ.jpg,maxresdefault,2026-09-30,4w ago,0.5196,0.1051,0.1222,0.1787,0.0324,0.0134,0.0009,0.0,0.0593,0.3015
TheHydraulicRecord,The Hydraulic Record,25.3K subscribers,T1,low,_Bt0BMoIwo8,The Johnstown Flood: The Worst Failure in American History,,82K views,,,thumbs/TheHydraulicRecord___Bt0BMoIwo8.jpg,maxresdefault,2026-09-30,1mo ago,0.4406,0.235,0.2895,0.197,0.0721,0.0248,0.0006,0.0015,0.0569,0.3486
TheHydraulicRecord,The Hydraulic Record,25.3K subscribers,T1,extra,NFV55w_i1zg,St. Francis Dam: Declared Safe 12 Hours Before It Failed,,30K views,,,thumbs/TheHydraulicRecord__NFV55w_i1zg.jpg,maxresdefault,2026-09-30,13h ago,0.507,0.119,0.1226,0.1378,0.0309,0.0145,0.0004,0.0005,0.0624,0.275
WhatOnEarthIsThisThing,What On Earth Is This?,109K subscribers,T1,top,xhFFSvfXwjU,The World’s Fastest Cable Car Is Terrifying,,1.1M views,,,thumbs/WhatOnEarthIsThisThing__xhFFSvfXwjU.jpg,maxresdefault,2026-09-30,1mo ago,0.4084,0.3409,0.1883,0.0115,0.0499,0.0017,0.0512,0.0,0.0548,0.239
WhatOnEarthIsThisThing,What On Earth Is This?,109K subscribers,T1,top,oIR8vd-bi8I,"If This Dam Fails, It Pollutes Half of Europe.",,974K views,,,thumbs/WhatOnEarthIsThisThing__oIR8vd-bi8I.jpg,maxresdefault,2026-09-30,7mo ago,0.3511,0.1657,0.2905,0.0252,0.0871,0.0853,0.0011,0.0369,0.0334,0.2561
WhatOnEarthIsThisThing,What On Earth Is This?,109K subscribers,T1,top,gVtfIEik8Aw,They Built A Terrible Dam. It Collapsed Within 40 Days.,,933K views,,,thumbs/WhatOnEarthIsThisThing__gVtfIEik8Aw.jpg,maxresdefault,2026-09-30,8mo ago,0.3511,0.3369,0.3209,0.0864,0.1077,0.106,0.0001,0.1338,0.0277,0.2943
WhatOnEarthIsThisThing,What On Earth Is This?,109K subscribers,T1,top,cATbD1_6d9o,Two Countries Built A Joint Bridge. They Messed It Up.,,338K views,,,thumbs/WhatOnEarthIsThisThing__cATbD1_6d9o.jpg,maxresdefault,2026-09-30,5mo ago,0.4408,0.4634,0.1584,0.0307,0.0845,0.0661,0.0113,0.6064,0.0365,0.2528
WhatOnEarthIsThisThing,What On Earth Is This?,109K subscribers,T1,top,yCoAOk9_30E,The Village In The Path Of A Giant Landslide.,,178K views,,,thumbs/WhatOnEarthIsThisThing__yCoAOk9_30E.jpg,maxresdefault,2026-09-30,4mo ago,0.4779,0.337,0.0172,0.0166,0.385,0.0604,0.2924,0.0,0.0404,0.174
WhatOnEarthIsThisThing,What On Earth Is This?,109K subscribers,T1,low,dqncmZn4XyY,I Answered Your Questions on a Soviet Night Train,,14K,,,thumbs/WhatOnEarthIsThisThing__dqncmZn4XyY.jpg,maxresdefault,2026-09-30,8mo ago,0.4392,0.5353,0.1067,0.0328,0.1353,0.0687,0.0405,0.4445,0.0434,0.2318
WhatOnEarthIsThisThing,What On Earth Is This?,109K subscribers,T1,low,xgE2FKYzyXw,The REAL Story Behind Japan's Blue Traffic Lights,,43K,,,thumbs/WhatOnEarthIsThisThing__xgE2FKYzyXw.jpg,maxresdefault,2026-09-30,1y ago,0.4193,0.277,0.1283,0.0238,0.1562,0.1404,0.0,0.1371,0.0491,0.2345
WhatOnEarthIsThisThing,What On Earth Is This?,109K subscribers,T1,low,0CbrnTUw4IM,Suurhusen: Why This Leaning Church Proves Guinness Records Are Meaningless,,46K,,,thumbs/WhatOnEarthIsThisThing__0CbrnTUw4IM.jpg,maxresdefault,2026-09-30,1y ago,0.5037,0.298,0.0814,0.0564,0.1619,0.1549,0.0098,0.0723,0.0739,0.256
Storified1,Storified,164K subscribers,T1,top,cDjODRpuXrU,Sucked Into an Oil Pipe - The Paria Diving Incident,,14M views,,,thumbs/Storified1__cDjODRpuXrU.jpg,maxresdefault,2026-09-30,3y ago,0.2719,0.6137,0.2936,0.0283,0.0944,0.0442,0.0339,0.4143,0.0316,0.1922
Storified1,Storified,164K subscribers,T1,top,j8XgLX5FLdY,Sucked Through a Tiny Hole - Byford Dolphin Incident,,5.7M views,,,thumbs/Storified1__j8XgLX5FLdY.jpg,maxresdefault,2026-09-30,2y ago,0.3024,0.654,0.3382,0.0395,0.0499,0.0352,0.0001,0.4683,0.0361,0.2465
Storified1,Storified,164K subscribers,T1,top,iorhSlFYpDc,Killed in 4 Milliseconds - America's Deadliest Nuclear Accident,,2.7M views,,,thumbs/Storified1__iorhSlFYpDc.jpg,maxresdefault,2026-09-30,8mo ago,0.1541,0.5483,0.7534,0.0218,0.0281,0.0218,0.0022,0.0027,0.0216,0.2187
Storified1,Storified,164K subscribers,T1,top,4_2BBjCJcvU,Sucked Into Massive Turbines - Plate Taille Dam Disaster,,2M views,,,thumbs/Storified1__4_2BBjCJcvU.jpg,maxresdefault,2026-09-30,1y ago,0.2825,0.4622,0.3909,0.0179,0.1054,0.1054,0.0,0.1953,0.0392,0.2437
Storified1,Storified,164K subscribers,T1,top,0QXvhtPaKoY,They Kept Driving Off the Bridge - Sunshine Skyway Disaster,,613K views,,,thumbs/Storified1__0QXvhtPaKoY.jpg,maxresdefault,2026-09-30,4mo ago,0.343,0.3829,0.3194,0.0061,0.0333,0.0328,0.0,0.2016,0.0279,0.2526
Storified1,Storified,164K subscribers,T1,top,9A_VeQ2iTJw,This Wave Killed All 84 Men - Ocean Ranger Disaster,,503K views,,,thumbs/Storified1__9A_VeQ2iTJw.jpg,maxresdefault,2026-09-30,2y ago,0.2828,0.7899,0.4012,0.0416,0.0734,0.0436,0.03,0.4677,0.0525,0.2489
Storified1,Storified,164K subscribers,T1,low,zVR8Dqmn5WQ,6 Hikers Died in 19 Minutes - The Footage Told a Different Story,,20K views,,,thumbs/Storified1__zVR8Dqmn5WQ.jpg,maxresdefault,2026-09-30,4w ago,0.0608,0.1612,0.8516,0.0081,0.0083,0.0083,0.0024,0.0072,0.0167,0.1309
Storified1,Storified,164K subscribers,T1,low,wsJIHQT50FI,Why Ground Control Sent Him to His Death - Soyuz 1 Disaster,,39K views,,,thumbs/Storified1__wsJIHQT50FI.jpg,maxresdefault,2026-09-30,1mo ago,0.3272,0.2486,0.1082,0.0304,0.143,0.08,0.005,0.0,0.0214,0.1937
Storified1,Storified,164K subscribers,T1,low,3xpffLqwv10,The Billion-Dollar Negligence 250 Feet Underwater,,144K views,,,thumbs/Storified1__3xpffLqwv10.jpg,maxresdefault,2026-09-30,1y ago,0.1873,0.6476,0.4769,0.0199,0.0475,0.0456,0.0009,0.4399,0.0209,0.1689
thatchernobylguy2915,That Chernobyl Guy,108K subscribers,T1,top,BtF1a0AGMoc,Discovering Chernobyl's Elephant's Foot,,2.1M views,,,thumbs/thatchernobylguy2915__BtF1a0AGMoc.jpg,maxresdefault,2026-09-30,8mo ago,0.1966,0.378,0.629,0.0384,0.0004,0.0002,0.0,0.0038,0.0516,0.2592
thatchernobylguy2915,That Chernobyl Guy,108K subscribers,T1,top,2zp8qsKe2Ig,We Were Wrong About Chernobyl's Elephant's Foot,,2M views,,,thumbs/thatchernobylguy2915__2zp8qsKe2Ig.jpg,maxresdefault,2026-09-30,6mo ago,0.1439,0.2094,0.6624,0.0154,0.0524,0.0491,0.0,0.0006,0.0378,0.1725
thatchernobylguy2915,That Chernobyl Guy,108K subscribers,T1,top,PBy__ZIWG18,Would Not Pressing AZ-5 SAVE Chernobyl?,,1.2M views,,,thumbs/thatchernobylguy2915__PBy__ZIWG18.jpg,maxresdefault,2026-09-30,2 years ago,0.2599,0.137,0.461,0.0373,0.001,0.0004,0.0032,0.0,0.0472,0.259
thatchernobylguy2915,That Chernobyl Guy,108K subscribers,T1,top,a0RRR852oto,The Last Seconds of Chernobyl Reactor Four,,1M views,,,thumbs/thatchernobylguy2915__a0RRR852oto.jpg,maxresdefault,2026-09-30,4mo ago,0.2619,0.4016,0.4904,0.0525,0.1119,0.0879,0.0056,0.0012,0.0401,0.2905
thatchernobylguy2915,That Chernobyl Guy,108K subscribers,T1,top,aL7-Z2k_kjs,The Firefighter Who Fell Onto Chernobyl Reactor Four,,652K views,,,thumbs/thatchernobylguy2915__aL7-Z2k_kjs.jpg,maxresdefault,2026-09-30,7mo ago,0.3192,0.173,0.3674,0.0488,0.1534,0.119,0.012,0.0,0.0497,0.2884
thatchernobylguy2915,That Chernobyl Guy,108K subscribers,T1,low,xh3K1p7gK6I,How Chernobyl Experts Still Get It Wrong - Inadvertent Lying,,15K,,,thumbs/thatchernobylguy2915__xh3K1p7gK6I.jpg,maxresdefault,2026-09-30,10mo ago,0.357,0.3672,0.3162,0.1062,0.0524,0.0064,0.0,0.1801,0.0411,0.3048
thatchernobylguy2915,That Chernobyl Guy,108K subscribers,T1,low,-TFp_W2jd4A,The Chornobyl Drone Strike: The Untold Story,,18K,,,thumbs/thatchernobylguy2915__-TFp_W2jd4A.jpg,maxresdefault,2026-09-30,5mo ago,0.269,0.0,0.3635,0.0623,0.0,0.0,0.0,0.0,0.0373,0.256
thatchernobylguy2915,That Chernobyl Guy,108K subscribers,T1,low,1bPIetiLrcQ,We Found Chernobyl's Forgotten Firefighter,,23K,,,thumbs/thatchernobylguy2915__1bPIetiLrcQ.jpg,maxresdefault,2026-09-30,6mo ago,0.3952,0.0925,0.3077,0.1264,0.0228,0.0228,0.0,0.0004,0.0503,0.3228
USCSB,USCSB,427K subscribers,T1,top,1zDcsjHyxr8,Blowout in Oklahoma,,4.3M views,,,thumbs/USCSB__1zDcsjHyxr8.jpg,maxresdefault,2026-09-30,6y ago,0.4226,0.2136,0.0693,0.0717,0.0998,0.0092,0.0393,0.0792,0.0208,0.2438
USCSB,USCSB,427K subscribers,T1,top,JplAKJrgyew,"Animation of 2015 Explosion at ExxonMobil Refinery in Torrance, CA",,4.1M views,,,thumbs/USCSB__JplAKJrgyew.jpg,maxresdefault,2026-09-30,9 years ago,0.5379,0.1525,0.0506,0.0232,0.0002,0.0,0.0002,0.0442,0.0738,0.2276
USCSB,USCSB,427K subscribers,T1,top,6-3BFXpBcjc,The Danger of Popcorn Polymer: Incident at the TPC Group Chemical Plant,,3.7M views,,,thumbs/USCSB__6-3BFXpBcjc.jpg,maxresdefault,2026-09-30,3y ago,0.3496,0.3695,0.0165,0.0025,0.6348,0.1229,0.0007,0.0,0.0149,0.1278
USCSB,USCSB,427K subscribers,T1,top,ISNGimMXL7M,Fatal Exposure: Tragedy at DuPont,,3.3M views,,,thumbs/USCSB__ISNGimMXL7M.jpg,hqdefault,2026-09-30,15 years ago,0.2521,0.1156,0.4987,0.0119,0.0036,0.0,0.0204,0.0035,0.0286,0.2734
USCSB,USCSB,427K subscribers,T1,top,goSEyGNfiPM,Updated BP Texas City Animation on the 15th Anniversary of the Explosion,,2.2M views,,,thumbs/USCSB__goSEyGNfiPM.jpg,maxresdefault,2026-09-30,6y ago,0.5337,0.197,0.0041,0.0194,0.0004,0.0002,0.0,0.1992,0.0277,0.1935
USCSB,USCSB,427K subscribers,T1,top,FCVCOWejlag,Deepwater Horizon Blowout Animation,,1.9M views,,,thumbs/USCSB__FCVCOWejlag.jpg,maxresdefault,2026-09-30,12 years ago,0.0634,0.5236,0.891,0.0014,0.064,0.0457,0.0015,0.0164,0.0152,0.1118
USCSB,USCSB,427K subscribers,T1,low,U5WpydzmTA8,Surveillance Footage - Nippon Dynawave G Tank Failure,,113K,,,thumbs/USCSB__U5WpydzmTA8.jpg,maxresdefault,2026-09-30,1mo ago,0.2821,0.0692,0.449,0.0415,0.0,0.0,0.0,0.0,0.0174,0.236
USCSB,USCSB,427K subscribers,T1,low,2z7h5BOZ2Hk,Safety Pays Off: The Value of Vigilance,,162K,,,thumbs/USCSB__2z7h5BOZ2Hk.jpg,maxresdefault,2026-09-30,1y ago,0.8099,0.0975,0.0448,0.6341,0.1094,0.0458,0.0202,0.0091,0.0279,0.2188
USCSB,USCSB,427K subscribers,T1,low,OU0dIK5EJYI,CSB Interim Animation of Husky Refinery Explosion and Fire,,175K,,,thumbs/USCSB__OU0dIK5EJYI.jpg,hqdefault,2026-09-30,8y ago,0.473,0.2628,0.269,0.142,0.1281,0.0073,0.0497,0.0501,0.0302,0.354
andyranimations,Andy R Animations,72.9K subscribers,T1,top,uCObwsXbSeU,Apollo 13: What Went Wrong,,1.7M views,,,thumbs/andyranimations__uCObwsXbSeU.jpg,maxresdefault,2026-09-30,1y ago,0.0916,0.6031,0.84,0.0015,0.102,0.0811,0.0001,0.008,0.0206,0.1669
andyranimations,Andy R Animations,72.9K subscribers,T1,top,TFRWj2Kcsbc,The Challenger Disaster: What Went Wrong,,326K views,,,thumbs/andyranimations__TFRWj2Kcsbc.jpg,maxresdefault,2026-09-30,4mo ago,0.3793,0.7377,0.1,0.1107,0.7516,0.737,0.0,0.0208,0.017,0.247
andyranimations,Andy R Animations,72.9K subscribers,T1,top,knoehu5-Ark,The Columbia Disaster: What Went Wrong,,172K views,,,thumbs/andyranimations__knoehu5-Ark.jpg,maxresdefault,2026-09-30,1mo ago,0.4714,0.6016,0.1049,0.0116,0.6593,0.5029,0.0,0.0092,0.0249,0.2579
OceanlinerDesigns,Oceanliner Designs,970K subscribers,T1,top,mTRy4qq8SYI,The Sinking of Britannic - Titanic's Forgotten Sister Ship,,5.1M views,,,thumbs/OceanlinerDesigns__mTRy4qq8SYI.jpg,maxresdefault,2026-09-30,2 years ago,0.5005,0.3927,0.0828,0.004,0.0956,0.0382,0.0361,0.3491,0.0424,0.2252
OceanlinerDesigns,Oceanliner Designs,970K subscribers,T1,top,xG_Xq9tNcLk,Lusitania Sinks in REAL TIME | 18 Minutes of Terror,,4.8M views,,,thumbs/OceanlinerDesigns__xG_Xq9tNcLk.jpg,maxresdefault,2026-09-30,2 years ago,0.4409,0.4425,0.1722,0.0166,0.0868,0.0428,0.0305,0.4316,0.045,0.2503
OceanlinerDesigns,Oceanliner Designs,970K subscribers,T1,top,SPUFSJsyoFM,Final Plunge: Titanic's HORRIFYING Last 5 Minutes,,3.7M views,,,thumbs/OceanlinerDesigns__SPUFSJsyoFM.jpg,maxresdefault,2026-09-30,3 years ago,0.2168,0.6172,0.3534,0.0137,0.0365,0.0304,0.0006,0.6676,0.0391,0.1702
OceanlinerDesigns,Oceanliner Designs,970K subscribers,T1,top,-9ZLZ8hiA5Y,Horrific Tragedy: The Sinking of RMS Empress of Ireland,,3M views,,,thumbs/OceanlinerDesigns__-9ZLZ8hiA5Y.jpg,maxresdefault,2026-09-30,3 years ago,0.2558,0.6781,0.2479,0.0183,0.0292,0.0187,0.0057,0.7207,0.0427,0.1697
OceanlinerDesigns,Oceanliner Designs,970K subscribers,T1,top,PBtZ3jONaTk,5 Ship Launches That Went Wrong,,2.6M views,,,thumbs/OceanlinerDesigns__PBtZ3jONaTk.jpg,maxresdefault,2026-09-30,2 years ago,0.5732,0.0,0.119,0.1649,0.0,0.0,0.0,0.0,0.0461,0.3009
OceanlinerDesigns,Oceanliner Designs,970K subscribers,T1,low,xJDIN0ftZx4,GUSTLOFF: Teaser Trailer | Oceanliner Designs,,36K,,,thumbs/OceanlinerDesigns__xJDIN0ftZx4.jpg,maxresdefault,2026-09-30,6mo ago,0.2007,0.8033,0.5016,0.0021,0.0873,0.0873,0.0,0.613,0.0257,0.1842
OceanlinerDesigns,Oceanliner Designs,970K subscribers,T1,low,H2-e0AsVIco,The Full Story of the MS Stockholm,,118K,,,thumbs/OceanlinerDesigns__H2-e0AsVIco.jpg,maxresdefault,2026-09-30,1mo ago,0.5439,0.1835,0.1057,0.2052,0.0011,0.0002,0.0017,0.1048,0.049,0.2941
OceanlinerDesigns,Oceanliner Designs,970K subscribers,T1,low,lpwCNIHlVGU,The Engineering Miracle of SS Suevic,,141K,,,thumbs/OceanlinerDesigns__lpwCNIHlVGU.jpg,maxresdefault,2026-09-30,3mo ago,0.5499,0.0856,0.0975,0.0692,0.0,0.0,0.0,0.003,0.0687,0.277
MaydayAirDisaster,Mayday: Air Disaster,1.11M subscribers,T1,top,9wnja3h70DM,Air Canada 143 Becomes Powerless And Falls From The Sky | Boeing 767 | Mayday: Air Disaster,,6.9M views,,,thumbs/MaydayAirDisaster__9wnja3h70DM.jpg,maxresdefault,2026-09-30,3 years ago,0.3806,0.252,0.2956,0.0265,0.1165,0.1105,0.0005,0.0011,0.0244,0.2866
MaydayAirDisaster,Mayday: Air Disaster,1.11M subscribers,T1,top,oRM8KtuCrtQ,The Impossible That Happened To British Airways 009 | Falling From The Sky | Mayday: Air Disaster,,6M views,,,thumbs/MaydayAirDisaster__oRM8KtuCrtQ.jpg,maxresdefault,2026-09-30,3 years ago,0.3716,0.3921,0.2496,0.1066,0.2477,0.0345,0.0056,0.0412,0.0332,0.2912
MaydayAirDisaster,Mayday: Air Disaster,1.11M subscribers,T1,top,7xfaDr0nhoQ,The Captain That Got Stuck Outside Of The Plane! | Blow Out | FULL EPISODE | Mayday: Air Disaster,,6M views,,,thumbs/MaydayAirDisaster__7xfaDr0nhoQ.jpg,maxresdefault,2026-09-30,5 years ago,0.4742,0.3072,0.1483,0.0033,0.2481,0.2355,0.0,0.0451,0.0219,0.2488
MaydayAirDisaster,Mayday: Air Disaster,1.11M subscribers,T1,top,5SCgxqTqZvI,A DEADLY PLAN That Resulted In An Ocean Crash | November Disasters | Mayday: Air Disaster,,7.2M views,,,thumbs/MaydayAirDisaster__5SCgxqTqZvI.jpg,maxresdefault,2026-09-30,3 years ago,0.2595,0.3539,0.5933,0.1087,0.0672,0.0518,0.001,0.0109,0.0341,0.3297
MaydayAirDisaster,Mayday: Air Disaster,1.11M subscribers,T1,top,Lw4uhb8dFs4,The Engine Explosion That Changed Aviation Forever | Mayday: Air Disaster,,4.5M views,,,thumbs/MaydayAirDisaster__Lw4uhb8dFs4.jpg,maxresdefault,2026-09-30,1 year ago,0.4744,0.2941,0.0738,0.0457,0.1983,0.1401,0.0081,0.0303,0.0351,0.2793
MaydayAirDisaster,Mayday: Air Disaster,1.11M subscribers,T1,low,oMCtMAQJeS8,United 811 Cargo Door Blew Out at 23000 Feet | Mayday: Air Disaster,,17K,,,thumbs/MaydayAirDisaster__oMCtMAQJeS8.jpg,maxresdefault,2026-09-30,1mo ago,0.4947,0.3578,0.2245,0.1364,0.2067,0.0913,0.0023,0.0468,0.0545,0.3332
MaydayAirDisaster,Mayday: Air Disaster,1.11M subscribers,T1,low,WU8Y4kEnl6c,Swissair 111 The Fire Nobody Could See,,42K,,,thumbs/MaydayAirDisaster__WU8Y4kEnl6c.jpg,maxresdefault,2026-09-30,1mo ago,0.4792,0.4673,0.0807,0.0676,0.2868,0.1639,0.0305,0.1706,0.0501,0.2707
MaydayAirDisaster,Mayday: Air Disaster,1.11M subscribers,T1,low,hNEyIToVPLY,Flight 1420 Racing the Storm to Little Rock | Mayday: Air Disaster,,46K,,,thumbs/MaydayAirDisaster__hNEyIToVPLY.jpg,maxresdefault,2026-09-30,1mo ago,0.4057,0.3539,0.1868,0.0745,0.268,0.1513,0.0009,0.0583,0.0515,0.2742
KyleHill,Kyle Hill,2.83M subscribers,T1,top,hIWu8rbWLGo,The Elephant's Foot - Corpse of Chernobyl,,19M views,,,thumbs/KyleHill__hIWu8rbWLGo.jpg,maxresdefault,2026-09-30,5 years ago,0.2728,0.4086,0.4453,0.023,0.327,0.1825,0.0002,0.0,0.0372,0.2637
KyleHill,Kyle Hill,2.83M subscribers,T1,top,aFlromB6SnU,Demon Core - The True Story,,19M views,,,thumbs/KyleHill__aFlromB6SnU.jpg,maxresdefault,2026-09-30,5 years ago,0.342,0.2242,0.3075,0.0314,0.1349,0.1349,0.0,0.0,0.0388,0.2728
KyleHill,Kyle Hill,2.83M subscribers,T1,top,ew064gt2thY,"Castle Bravo Disaster - A ""Second Hiroshima""",,7.5M views,,,thumbs/KyleHill__ew064gt2thY.jpg,maxresdefault,2026-09-30,5 years ago,0.2772,0.6838,0.3252,0.0138,0.6172,0.28,0.042,0.0075,0.0226,0.2231
KyleHill,Kyle Hill,2.83M subscribers,T1,top,Ap0orGCiou8,History's Worst Software Error,,7M views,,,thumbs/KyleHill__Ap0orGCiou8.jpg,maxresdefault,2026-09-30,4 years ago,0.3372,0.1876,0.4067,0.0769,0.0547,0.0501,0.0044,0.017,0.0391,0.3019
KyleHill,Kyle Hill,2.83M subscribers,T1,top,uJ8cYheR5xo,SL-1: America's First Nuclear Disaster,,5.9M views,,,thumbs/KyleHill__uJ8cYheR5xo.jpg,maxresdefault,2026-09-30,5 years ago,0.2574,0.5412,0.3893,0.0026,0.1786,0.1786,0.0,0.0958,0.0424,0.2016
KyleHill,Kyle Hill,2.83M subscribers,T1,top,4UHZugCNKA4,The Fukushima Nuclear Disaster - Epidemic of Ghosts,,6.7M views,,,thumbs/KyleHill__4UHZugCNKA4.jpg,maxresdefault,2026-09-30,5 years ago,0.4623,0.4465,0.0906,0.0161,0.1625,0.1332,0.0162,0.0092,0.0401,0.237
KyleHill,Kyle Hill,2.83M subscribers,T1,low,dBK35Sbz8vM,Inside America’s Unprecedented Nuclear Plan,,215K,,,thumbs/KyleHill__dBK35Sbz8vM.jpg,maxresdefault,2026-09-30,1mo ago,0.3559,0.3092,0.3509,0.0603,0.1722,0.1082,0.0085,0.1092,0.0692,0.2979
KyleHill,Kyle Hill,2.83M subscribers,T1,low,1EeOSuYR-DE,What If Nuclear Waste Hit the Sun?,,256K,,,thumbs/KyleHill__1EeOSuYR-DE.jpg,maxresdefault,2026-09-30,1mo ago,0.3746,0.7495,0.2524,0.0529,0.5641,0.4261,0.0423,0.1139,0.0559,0.2679
KyleHill,Kyle Hill,2.83M subscribers,T1,low,EDRZLpD5mkE,Fallout TV Has a Fusion Problem,,160K,,,thumbs/KyleHill__EDRZLpD5mkE.jpg,maxresdefault,2026-09-30,7mo ago,0.3163,0.4302,0.3387,0.0386,0.0637,0.0074,0.0072,0.1033,0.0426,0.2723
TwoBitDaVinci,Two Bit da Vinci,814K subscribers,T1,top,TKLamhyJ6bE,Oceangate Submarine Disaster - What REALLY Happened,,15M views,,,thumbs/TwoBitDaVinci__TKLamhyJ6bE.jpg,maxresdefault,2026-09-30,3 years ago,0.4374,0.6038,0.2953,0.1788,0.0328,0.0327,0.1095,0.3403,0.0497,0.3617
TwoBitDaVinci,Two Bit da Vinci,814K subscribers,T1,top,8BXHu_yXVQk,The EPIC Failure of Vertical Farms - What Happened?,,1.8M views,,,thumbs/TwoBitDaVinci__8BXHu_yXVQk.jpg,maxresdefault,2026-09-30,2 years ago,0.5071,0.7049,0.1865,0.0914,0.2635,0.0619,0.2903,0.006,0.0827,0.3022
TwoBitDaVinci,Two Bit da Vinci,814K subscribers,T1,top,nnV6178iVW0,DC Plane Crash - What REALLY Happened?,,1.7M views,,,thumbs/TwoBitDaVinci__nnV6178iVW0.jpg,maxresdefault,2026-09-30,1 year ago,0.5328,0.3394,0.2694,0.2818,0.1084,0.073,0.176,0.0256,0.0705,0.3929
TwoBitDaVinci,Two Bit da Vinci,814K subscribers,T1,top,_5Mud1ubq20,What’s Hiding Beneath China’s Deepest Hole?,,2.1M views,,,thumbs/TwoBitDaVinci___5Mud1ubq20.jpg,maxresdefault,2026-09-30,3 years ago,0.6454,0.4317,0.0893,0.1585,0.0881,0.0447,0.1716,0.202,0.0519,0.2749
TwoBitDaVinci,Two Bit da Vinci,814K subscribers,T1,low,VxbCvc_nHco,Why Can’t Every Country Do This?,,58K,,,thumbs/TwoBitDaVinci__VxbCvc_nHco.jpg,maxresdefault,2026-09-30,7mo ago,0.3299,0.6091,0.3233,0.0307,0.0969,0.084,0.1738,0.1229,0.0764,0.2757
TwoBitDaVinci,Two Bit da Vinci,814K subscribers,T1,low,gU5C4el2-nU,The Truth About AI Data-center Energy & Water Use,,97K,,,thumbs/TwoBitDaVinci__gU5C4el2-nU.jpg,maxresdefault,2026-09-30,12d ago,0.4757,0.2903,0.2437,0.0789,0.0975,0.0672,0.0989,0.066,0.0769,0.3341
TwoBitDaVinci,Two Bit da Vinci,814K subscribers,T1,low,MQaPnQJ1IcA,The Oil Crisis is WAY WORSE Than You Think...,,112K,,,thumbs/TwoBitDaVinci__MQaPnQJ1IcA.jpg,maxresdefault,2026-09-30,5mo ago,0.3758,0.5085,0.2613,0.0498,0.1585,0.0267,0.1582,0.1546,0.0715,0.2788
TheInfographicsShow,The Infographics Show,15.5M subscribers,T1,top,2uJhjqBz5Tk,,,,,,thumbs/TheInfographicsShow__2uJhjqBz5Tk.jpg,maxresdefault,2026-09-30,,0.3582,0.6715,0.35,0.1535,0.0,0.0,0.0,0.7171,0.0337,0.3227
TheInfographicsShow,The Infographics Show,15.5M subscribers,T1,top,vRAsU_ov84Q,,,,,,thumbs/TheInfographicsShow__vRAsU_ov84Q.jpg,maxresdefault,2026-09-30,,0.3942,0.4096,0.3428,0.1151,0.0921,0.0576,0.0586,0.1376,0.0339,0.3238
TheInfographicsShow,The Infographics Show,15.5M subscribers,T1,top,3E17wr77ffM,What If North Korea Launched a Nuclear Bomb (Minute by Minute),,13M views,,,thumbs/TheInfographicsShow__3E17wr77ffM.jpg,maxresdefault,2026-09-30,4 years ago,0.4322,0.5167,0.2144,0.0706,0.1829,0.1018,0.0727,0.2786,0.0258,0.2571
TheInfographicsShow,The Infographics Show,15.5M subscribers,T1,top,cykdSb7xqI4,I Was Trapped Underwater For 3 Days,,13M views,,,thumbs/TheInfographicsShow__cykdSb7xqI4.jpg,maxresdefault,2026-09-30,7 years ago,0.2967,0.7524,0.1673,0.0677,0.1775,0.1746,0.0837,0.4697,0.0281,0.2357
TheInfographicsShow,The Infographics Show,15.5M subscribers,T1,low,IoqzGz7DbgM,Worst Caving Decision Ever Made & Other Terrifying Disasters,,146K,,,thumbs/TheInfographicsShow__IoqzGz7DbgM.jpg,maxresdefault,2026-09-30,3w ago,0.2783,0.5563,0.2434,0.0374,0.6134,0.2393,0.017,0.0007,0.0253,0.2028
TheInfographicsShow,The Infographics Show,15.5M subscribers,T1,low,f3c1cYw_dsI,The True Story of Hitler's Jewish Soldiers,,245K,,,thumbs/TheInfographicsShow__f3c1cYw_dsI.jpg,maxresdefault,2026-09-30,3w ago,0.4493,0.289,0.099,0.0723,0.0712,0.0084,0.0019,0.2113,0.0303,0.2664
TheInfographicsShow,The Infographics Show,15.5M subscribers,T1,low,hL5NHqK1JQg,What the End of the Universe Will Look Like According to Scientists,,265K,,,thumbs/TheInfographicsShow__hL5NHqK1JQg.jpg,maxresdefault,2026-09-30,2w ago,0.2721,0.7655,0.4926,0.0561,0.0007,0.0007,0.0,0.5922,0.0356,0.2843
TheInfographicsShow,The Infographics Show,15.5M subscribers,T1,extra,YckLRVDky9Y,,,,,,thumbs/TheInfographicsShow__YckLRVDky9Y.jpg,maxresdefault,2026-09-30,,0.4164,0.4924,0.2356,0.0877,0.0604,0.0581,0.0266,0.436,0.0373,0.3093
TheInfographicsShow,The Infographics Show,15.5M subscribers,T1,extra,teK7tg5_Bf8,,,,,,thumbs/TheInfographicsShow__teK7tg5_Bf8.jpg,maxresdefault,2026-09-30,,0.363,0.7786,0.4319,0.1057,0.1924,0.0813,0.209,0.2879,0.0403,0.3427
scottmanley,Scott Manley,1.87M subscribers,T1,top,CxBtZmyPzVA,Wreckage Of Titan Submersible Reveal How It Imploded,,5.8M views,,,thumbs/scottmanley__CxBtZmyPzVA.jpg,maxresdefault,2026-09-30,2 years ago,0.4629,0.5952,0.0485,0.094,0.0083,0.0002,0.0046,0.7949,0.042,0.2378
scottmanley,Scott Manley,1.87M subscribers,T1,top,q3d3rzFTrLg,Why Chernobyl Exploded - The Real Physics Behind The Reactor,,4.9M views,,,thumbs/scottmanley__q3d3rzFTrLg.jpg,maxresdefault,2026-09-30,7 years ago,0.3425,0.1451,0.2068,0.042,0.042,0.0227,0.0107,0.0,0.0724,0.2327
scottmanley,Scott Manley,1.87M subscribers,T1,top,59WQIRvezzI,Analyzing Video Footage Of Collapse of Massive Arecibo Telescope,,2.8M views,,,thumbs/scottmanley__59WQIRvezzI.jpg,maxresdefault,2026-09-30,5 years ago,0.4305,0.1547,0.2851,0.0385,0.0002,0.0,0.0011,0.0825,0.0521,0.2967
scottmanley,Scott Manley,1.87M subscribers,T1,top,w8q24QLXixo,SpaceX's Massive Rocket Explodes Due to Rapid Unscheduled Digging,,3.1M views,,,thumbs/scottmanley__w8q24QLXixo.jpg,maxresdefault,2026-09-30,3 years ago,0.4627,0.3367,0.1453,0.1113,0.047,0.0,0.0023,0.3264,0.0477,0.2814
scottmanley,Scott Manley,1.87M subscribers,T1,top,aaR6yEE-Myo,Blue Origin's Rocket Explosion - How Bad Is It?,,2.5M views,,,thumbs/scottmanley__aaR6yEE-Myo.jpg,maxresdefault,2026-09-30,4 months ago,0.4084,0.8285,0.2331,0.132,0.672,0.4685,0.0903,0.0,0.0233,0.3129
scottmanley,Scott Manley,1.87M subscribers,T1,low,y55_Pqp9tPY,Why Lightning Loves Rockets,,84K,,,thumbs/scottmanley__y55_Pqp9tPY.jpg,maxresdefault,2026-09-30,2mo ago,0.3348,0.2586,0.063,0.0744,0.0001,0.0001,0.0,0.2596,0.0395,0.2303
scottmanley,Scott Manley,1.87M subscribers,T1,low,MZHSJbGFADw,Comparing the Biggest Explosions - Conventional vs Nuclear vs Accidents,,163K,,,thumbs/scottmanley__MZHSJbGFADw.jpg,maxresdefault,2026-09-30,2mo ago,0.4094,0.7393,0.3532,0.1524,0.6195,0.4138,0.0875,0.0,0.0453,0.3377
scottmanley,Scott Manley,1.87M subscribers,T1,low,4Q4Jsy0LGeE,When Pilots Used Sounds To Guide Planes,,96K,,,thumbs/scottmanley__4Q4Jsy0LGeE.jpg,maxresdefault,2026-09-30,1mo ago,0.2305,0.221,0.6149,0.0922,0.0595,0.0525,0.0002,0.0006,0.0435,0.2865
AdamSomething,Adam Something,1.32M subscribers,T1,top,6E_FwOz_RtM,Pangeos Terayacht: An $8 Billion Engineering Disaster,,3.3M views,,,thumbs/AdamSomething__6E_FwOz_RtM.jpg,maxresdefault,2026-09-30,2 years ago,0.4246,0.2617,0.1905,0.0876,0.076,0.0153,0.004,0.0283,0.059,0.2823
AdamSomething,Adam Something,1.32M subscribers,T1,top,w__a8EcM2jI,The Tesla Semi Is An Engineering Failure,,3.5M views,,,thumbs/AdamSomething__w__a8EcM2jI.jpg,maxresdefault,2026-09-30,5 years ago,0.41,0.2185,0.2518,0.0564,0.0875,0.0662,0.0,0.004,0.0374,0.2801
AdamSomething,Adam Something,1.32M subscribers,T1,top,R6RaoGHZC3A,Elon Musk's Dugout Loop - The Disaster That Almost Happened,,3.1M views,,,thumbs/AdamSomething__R6RaoGHZC3A.jpg,maxresdefault,2026-09-30,5 years ago,0.4916,0.2488,0.0774,0.0778,0.1032,0.0728,0.0243,0.0414,0.059,0.2478
AdamSomething,Adam Something,1.32M subscribers,T1,top,dNzjk-kiUmQ,The HyperPort Is Dumb And Will Most Likely Explode,,3.1M views,,,thumbs/AdamSomething__dNzjk-kiUmQ.jpg,maxresdefault,2026-09-30,5 years ago,0.5964,0.2223,0.1518,0.3334,0.0226,0.0225,0.0,0.0881,0.058,0.3581
AdamSomething,Adam Something,1.32M subscribers,T1,top,lFloLGmPKl0,Tesla Cybertruck: A Tragedy On Four Wheels,,4.3M views,,,thumbs/AdamSomething__lFloLGmPKl0.jpg,maxresdefault,2026-09-30,2 years ago,0.4208,0.369,0.2366,0.0379,0.0441,0.0191,0.0476,0.1789,0.0605,0.2855
AdamSomething,Adam Something,1.32M subscribers,T1,low,O0zPArN1s2g,The Urbanism of Half-Life's City 17,,221K,,,thumbs/AdamSomething__O0zPArN1s2g.jpg,maxresdefault,2026-09-30,1y ago,0.1682,0.574,0.5023,0.0,0.4675,0.0554,0.0,0.0,0.0292,0.1326
AdamSomething,Adam Something,1.32M subscribers,T1,low,c0n4biRV3no,Why a Moon Colony is a Dangerous and Stupid Idea,,415K,,,thumbs/AdamSomething__c0n4biRV3no.jpg,maxresdefault,2026-09-30,4mo ago,0.4711,0.2415,0.1909,0.0573,0.1608,0.1148,0.0047,0.0033,0.0459,0.2797
AdamSomething,Adam Something,1.32M subscribers,T1,low,VOoWtzli36o,Swiss Trains Go FASTER... by Going SLOWER?!,,272K,,,thumbs/AdamSomething__VOoWtzli36o.jpg,maxresdefault,2026-09-30,10mo ago,0.4769,0.4237,0.1521,0.1089,0.152,0.1334,0.0383,0.145,0.0622,0.2913
TheEfficientEngineer,The Efficient Engineer,1.5M subscribers,T1,top,XLzTB4KLCxU,The Incredible Strength of Bolted Joints,,4.4M views,,,thumbs/TheEfficientEngineer__XLzTB4KLCxU.jpg,maxresdefault,2026-09-30,3y ago,0.2881,0.6077,0.5123,0.0555,0.0303,0.0009,0.0337,0.2667,0.044,0.2761
TheEfficientEngineer,The Efficient Engineer,1.5M subscribers,T1,top,xkbQnBAOFEg,"Understanding Failure Theories (Tresca, von Mises etc...)",,2.7M views,,,thumbs/TheEfficientEngineer__xkbQnBAOFEg.jpg,maxresdefault,2026-09-30,6 years ago,0.3213,0.767,0.5274,0.0834,0.0716,0.0242,0.0469,0.5933,0.0502,0.3002
TheEfficientEngineer,The Efficient Engineer,1.5M subscribers,T1,top,Hn_iozUo9m4,Understanding and Analysing Trusses,,3.9M views,,,thumbs/TheEfficientEngineer__Hn_iozUo9m4.jpg,maxresdefault,2026-09-30,6 years ago,0.2464,0.7344,0.7094,0.0995,0.0181,0.0007,0.0163,0.4166,0.0386,0.2986
TheEfficientEngineer,The Efficient Engineer,1.5M subscribers,T1,low,xKxHQ19sxkk,The Explosion that Changed the Pipeline Industry,,64K,,,thumbs/TheEfficientEngineer__xKxHQ19sxkk.jpg,maxresdefault,2026-09-30,2mo ago,0.3201,0.5861,0.388,0.0211,0.3948,0.1901,0.0393,0.0532,0.0256,0.2693
TheEfficientEngineer,The Efficient Engineer,1.5M subscribers,T1,low,p_0duihxmW4,The Problem with Welding,,366K,,,thumbs/TheEfficientEngineer__p_0duihxmW4.jpg,maxresdefault,2026-09-30,4mo ago,0.3057,0.6168,0.4429,0.0681,0.0343,0.0106,0.0355,0.3558,0.0477,0.2986
TheEfficientEngineer,The Efficient Engineer,1.5M subscribers,T1,low,bycVtx07f0w,The Surprising Science of Plastics,,227K,,,thumbs/TheEfficientEngineer__bycVtx07f0w.jpg,maxresdefault,2026-09-30,1y ago,0.3143,0.6853,0.5033,0.0381,0.288,0.0379,0.0529,0.2306,0.0378,0.258
TomScottGo,Tom Scott,6.74M subscribers,T1,top,Ef93WmlEho0,Why California's musical road sounds terrible,,28M views,,,thumbs/TomScottGo__Ef93WmlEho0.jpg,maxresdefault,2026-09-30,8 years ago,0.5719,0.1528,0.0048,0.0623,0.1277,0.0942,0.0314,0.0,0.0336,0.2104
TomScottGo,Tom Scott,6.74M subscribers,T1,top,t3oLeSPINOk,Why the US Army electrifies this water,,20M views,,,thumbs/TomScottGo__t3oLeSPINOk.jpg,maxresdefault,2026-09-30,4 years ago,0.5858,0.2948,0.0429,0.1137,0.1912,0.0979,0.0954,0.0002,0.0449,0.2449
TomScottGo,Tom Scott,6.74M subscribers,T1,top,BxV14h0kFs0,"This Video Has 77,168,158 Views",,77M views,,,thumbs/TomScottGo__BxV14h0kFs0.jpg,maxresdefault,2026-09-30,6 years ago,0.4925,0.4592,0.1313,0.0495,0.0051,0.0051,0.0,0.4275,0.0289,0.2484
TomScottGo,Tom Scott,6.74M subscribers,T1,top,8eXj97stbG8,Two Drums and a Cymbal Fall off a Cliff,,14M views,,,thumbs/TomScottGo__8eXj97stbG8.jpg,hqdefault,2026-09-30,17 years ago,0.3498,0.2811,0.246,0.0399,0.0199,0.0,0.0032,0.0018,0.0233,0.2602
TomScottGo,Tom Scott,6.74M subscribers,T1,low,hCZwH5CSlEY,I got hit in the teeth at England's oldest ritual,,467K,,,thumbs/TomScottGo__hCZwH5CSlEY.jpg,maxresdefault,2026-09-30,3mo ago,0.4108,0.337,0.1851,0.002,0.0521,0.0358,0.0148,0.1604,0.0393,0.2197
TomScottGo,Tom Scott,6.74M subscribers,T1,low,WGia1R3xacM,"If I get this wrong, 50,000 people will hear it.",,630K,,,thumbs/TomScottGo__WGia1R3xacM.jpg,maxresdefault,2026-09-30,2mo ago,0.3846,0.2555,0.0826,0.0114,0.0894,0.0358,0.0036,0.0314,0.0415,0.1981
TomScottGo,Tom Scott,6.74M subscribers,T1,low,EU-rZuJxdbw,This 100-year-old ride must never change again.,,845K,,,thumbs/TomScottGo__EU-rZuJxdbw.jpg,maxresdefault,2026-09-30,1mo ago,0.4164,0.3491,0.1136,0.0,0.3079,0.1333,0.0157,0.0546,0.0461,0.1985
TomScottGo,Tom Scott,6.74M subscribers,T1,extra,VnvGwFegbC8,,,,,,thumbs/TomScottGo__VnvGwFegbC8.jpg,maxresdefault,2026-09-30,,0.6436,0.1908,0.018,0.1039,0.1263,0.0623,0.0434,0.0194,0.0399,0.2086
OverengineeredEN,Overengineered,11.5K subscribers,T1,top,Eg0djVfKXU8,The 400 km Wall Japan Built to Stop the Sea,,4.2M,,,thumbs/OverengineeredEN__Eg0djVfKXU8.jpg,maxresdefault,2026-09-30,1mo ago,0.4169,0.2341,0.2064,0.0591,0.0237,0.0,0.0271,0.0247,0.0458,0.2707
OverengineeredEN,Overengineered,11.5K subscribers,T1,top,huP0Yr2PlZ0,Nepal Flood Explained: How a Glacier Became a Wall of Water,,221K,,,thumbs/OverengineeredEN__huP0Yr2PlZ0.jpg,maxresdefault,2026-09-30,3w ago,0.3339,0.2879,0.1885,0.0246,0.3196,0.0004,0.0062,0.0,0.0483,0.2147
OverengineeredEN,Overengineered,11.5K subscribers,T1,top,oHSqe6onipQ,How Egypt Is Digging a 310 km River Into the Sahara Desert,,256K,,,thumbs/OverengineeredEN__oHSqe6onipQ.jpg,maxresdefault,2026-09-30,2w ago,0.4474,0.4372,0.1064,0.0244,0.4234,0.0087,0.0026,0.0708,0.0529,0.2269
OverengineeredEN,Overengineered,11.5K subscribers,T1,low,0T_KCWIKSbM,The Water Project That Made a Country Rich Without Selling Oil | 4K Documentary,,84K,,,thumbs/OverengineeredEN__0T_KCWIKSbM.jpg,maxresdefault,2026-09-30,1mo ago,0.3053,0.6277,0.326,0.0619,0.0238,0.0001,0.0129,0.3342,0.0327,0.2451
OverengineeredEN,Overengineered,11.5K subscribers,T1,low,06cEGdhL-iA,How South Korea Built a 33 km Wall to Steal Land From the Sea,,126K,,,thumbs/OverengineeredEN__06cEGdhL-iA.jpg,maxresdefault,2026-09-30,10d ago,0.4691,0.4032,0.095,0.0093,0.019,0.001,0.0009,0.3914,0.0504,0.2368
BeyondSky-m5e,Beyond Sky,38.3K subscribers,T1,top,Scc1nRqhPo0,Why Airlines Are REJECTING Boeing’s Brand-New 777X,,1.7M views,,,thumbs/BeyondSky-m5e__Scc1nRqhPo0.jpg,maxresdefault,2026-09-30,6d ago,0.4682,0.6521,0.0238,0.0667,0.113,0.113,0.0,0.6881,0.0332,0.2277
BeyondSky-m5e,Beyond Sky,38.3K subscribers,T1,top,4UM9ZJx6fLI,777X: The “Simple Upgrade” That Became Boeing’s WORST Nightmare,,1.2M views,,,thumbs/BeyondSky-m5e__4UM9ZJx6fLI.jpg,maxresdefault,2026-09-30,7mo ago,0.6926,0.1469,0.0279,0.0168,0.0001,0.0,0.0,0.1346,0.0256,0.2084
BeyondSky-m5e,Beyond Sky,38.3K subscribers,T1,top,JeVIb9K6a5U,The Real Reason Why China’s Airbus A320 Clone Failed,,1.6M views,,,thumbs/BeyondSky-m5e__JeVIb9K6a5U.jpg,maxresdefault,2026-09-30,1 year ago,0.831,0.1295,0.0154,0.7321,0.0021,0.0018,0.0,0.0973,0.0345,0.2476
BeyondSky-m5e,Beyond Sky,38.3K subscribers,T1,top,P39R_-viulw,How Qatar Airways Tried to Outsmart Airbus - But FAILED Miserably,,714K views,,,thumbs/BeyondSky-m5e__P39R_-viulw.jpg,maxresdefault,2026-09-30,9mo ago,0.7647,0.1116,0.0116,0.0222,0.0002,0.0002,0.0,0.0897,0.0281,0.2097
BeyondSky-m5e,Beyond Sky,38.3K subscribers,T1,low,4NmiuAbyTNw,"The Airbus A320 Failure That Grounded 6,000 Planes Overnight",,11K,,,thumbs/BeyondSky-m5e__4NmiuAbyTNw.jpg,maxresdefault,2026-09-30,9mo ago,0.7543,0.0965,0.0272,0.0481,0.0004,0.0,0.0,0.0813,0.0323,0.2304
BeyondSky-m5e,Beyond Sky,38.3K subscribers,T1,low,9X1YbOu0rVs,Boeing Knew 747-8 Would FAIL - But They Built It Anyway,,18K views,,,thumbs/BeyondSky-m5e__9X1YbOu0rVs.jpg,maxresdefault,2026-09-30,10mo ago,0.3996,0.6069,0.2116,0.1078,0.4478,0.4456,0.0967,0.0094,0.0328,0.3307
BeyondSky-m5e,Beyond Sky,38.3K subscribers,T1,low,c3GbAi4Vq5g,Real Reason Why FedEx Installed Anti-Missile Systems on its Airplanes,,16K,,,thumbs/BeyondSky-m5e__c3GbAi4Vq5g.jpg,maxresdefault,2026-09-30,10mo ago,0.595,0.5893,0.0191,0.0635,0.0126,0.0052,0.0283,0.6874,0.0217,0.1978
ForgottenDisasters2,Forgotten Disasters,7.2K subscribers,T1,top,xa4d7sXaDgc,The Tragic Story of the Bath School Disaster of 1927,,178K views,,,thumbs/ForgottenDisasters2__xa4d7sXaDgc.jpg,maxresdefault,2026-09-30,4 months ago,0.3399,0.2899,0.304,0.0114,0.0159,0.0,0.013,0.0,0.0806,0.2518
ForgottenDisasters2,Forgotten Disasters,7.2K subscribers,T1,top,W6dhIXNctAc,(1974) The Flixborough Disaster: The Deadliest Engineering Mistake Ever | Documentary,,69K views,,,thumbs/ForgottenDisasters2__W6dhIXNctAc.jpg,maxresdefault,2026-09-30,5 months ago,0.3713,0.2625,0.2837,0.0142,0.0688,0.0489,0.0304,0.0,0.0415,0.2774
ForgottenDisasters2,Forgotten Disasters,7.2K subscribers,T1,top,0D8JbERXIvU,(1977) The Beverly Hills Supper Club Fire: America’s Deadliest Nightclub Disaster | Documentary,,67K views,,,thumbs/ForgottenDisasters2__0D8JbERXIvU.jpg,maxresdefault,2026-09-30,5 months ago,0.3446,0.2679,0.2014,0.0118,0.0055,0.0,0.0001,0.0,0.0776,0.2228
ForgottenDisasters2,Forgotten Disasters,7.2K subscribers,T1,top,-bK0e6Bxk30,The Tragic Story of Boston’s Deadly Molasses Disaster: The Great Molasses Flood of 1919,,43K views,,,thumbs/ForgottenDisasters2__-bK0e6Bxk30.jpg,maxresdefault,2026-09-30,5 months ago,0.4084,0.1975,0.102,0.0161,0.0,0.0,0.0,0.0,0.0812,0.2186
ForgottenDisasters2,Forgotten Disasters,7.2K subscribers,T1,low,DolF0QU074w,The Tragic Story of The Who Concert Crush of 1979,,363,,,thumbs/ForgottenDisasters2__DolF0QU074w.jpg,maxresdefault,2026-09-30,3w ago,0.3551,0.1601,0.1863,0.0109,0.0045,0.0,0.0056,0.0,0.0417,0.201
ForgottenDisasters2,Forgotten Disasters,7.2K subscribers,T1,low,fcLBsXRr5aA,"How Did 4,000 People Die in the 1952 Great Smog of London?",,485,,,thumbs/ForgottenDisasters2__fcLBsXRr5aA.jpg,maxresdefault,2026-09-30,2w ago,0.4714,0.059,0.1855,0.009,0.0087,0.0,0.0122,0.0,0.0298,0.2321
ForgottenDisasters2,Forgotten Disasters,7.2K subscribers,T1,low,Oi3wfVfuyAE,(1940) Tacoma Narrows Bridge Collapse: The Engineering Disaster That Shocked America | Documentary,,1.2K,,,thumbs/ForgottenDisasters2__Oi3wfVfuyAE.jpg,maxresdefault,2026-09-30,12d ago,0.4222,0.1209,0.1984,0.0073,0.0085,0.0,0.0108,0.0,0.0447,0.292
IronandMemory,Iron and Memory,18.9K subscribers,T1,top,HN2svHJpRRg,The Spinning Giants: Flywheels That Stored Dangerous Power,,668K views,,,thumbs/IronandMemory__HN2svHJpRRg.jpg,maxresdefault,2026-09-30,8mo ago,0.4397,0.2409,0.0463,0.0223,0.0005,0.0,0.0001,0.0,0.0512,0.2045
IronandMemory,Iron and Memory,18.9K subscribers,T1,top,7k0ZUH-cbDo,Why Blast Furnaces Were Insane: A Real Life Monster Story,,143K views,,,thumbs/IronandMemory__7k0ZUH-cbDo.jpg,maxresdefault,2026-09-30,8mo ago,0.4405,0.2338,0.0013,0.0443,0.008,0.0013,0.0,0.0,0.0488,0.1968
IronandMemory,Iron and Memory,18.9K subscribers,T1,top,At_NrS7i6nw,The Enormous Hydraulic Presses That Had Grown Men Praying to Make it Home,,132K views,,,thumbs/IronandMemory__At_NrS7i6nw.jpg,maxresdefault,2026-09-30,7mo ago,0.5437,0.191,0.0737,0.0909,0.0,0.0,0.0,0.0,0.052,0.2504
IronandMemory,Iron and Memory,18.9K subscribers,T1,top,eNB75X5vCps,Why Being a Boiler Operator Was a Guaranteed Death Sentence | Disaster Documentary,,83K views,,,thumbs/IronandMemory__eNB75X5vCps.jpg,maxresdefault,2026-09-30,10 months ago,0.342,0.0,0.214,0.0686,0.0,0.0,0.0,0.0,0.0519,0.2449
IronandMemory,Iron and Memory,18.9K subscribers,T1,low,kkJnN0NVTM4,Why Being a Tunnel Digger Was a Guaranteed Death Sentence | Disaster Documentary,,611,,,thumbs/IronandMemory__kkJnN0NVTM4.jpg,maxresdefault,2026-09-30,10mo ago,0.2746,0.2921,0.2999,0.0751,0.2771,0.0,0.0245,0.0,0.0498,0.2393
IronandMemory,Iron and Memory,18.9K subscribers,T1,low,Uz6ovkdqvPE,Hundreds of Vanderbilt’s Workers Faced Unseen Dangers—and Never Lived to Tell It,,981,,,thumbs/IronandMemory__Uz6ovkdqvPE.jpg,maxresdefault,2026-09-30,9mo ago,0.3899,0.3226,0.2065,0.045,0.2807,0.0608,0.0283,0.0149,0.0722,0.2557
IronandMemory,Iron and Memory,18.9K subscribers,T1,low,wUOAY91p37c,The Hidden Dangers Inside Ford’s First Factories,,1.4K,,,thumbs/IronandMemory__wUOAY91p37c.jpg,maxresdefault,2026-09-30,9mo ago,0.4327,0.33,0.2574,0.0518,0.327,0.0012,0.0091,0.0,0.0652,0.2959
DennisFarleyYT,Dennis Farley,1.86K subscribers,T1,top,PU4z-1l_Bu0,"China Built a Dam That Killed 170,000 People, Then Hid It for 30 Years",,143K views,,,thumbs/DennisFarleyYT__PU4z-1l_Bu0.jpg,maxresdefault,2026-09-30,3w ago,0.5454,0.3428,0.0927,0.1419,0.078,0.078,0.0,0.3068,0.0829,0.2784
DennisFarleyYT,Dennis Farley,1.86K subscribers,T1,top,hfRtmYqdLjM,Everyone's Watching the Wrong Three Gorges Dam Disaster...,,128K views,,,thumbs/DennisFarleyYT__hfRtmYqdLjM.jpg,maxresdefault,2026-09-30,2w ago,0.4105,0.3208,0.2016,0.0552,0.1808,0.1264,0.0056,0.0053,0.0754,0.2756
DennisFarleyYT,Dennis Farley,1.86K subscribers,T1,top,cJcby7rD33g,The Bridge of Death: How China's Mega Bridge Was Built on Lies,,17K views,,,thumbs/DennisFarleyYT__cJcby7rD33g.jpg,maxresdefault,2026-09-30,2w ago,0.4032,0.3506,0.1912,0.0684,0.1647,0.121,0.0094,0.0609,0.0721,0.2762
DennisFarleyYT,Dennis Farley,1.86K subscribers,T1,low,RarA7QhGOIM,"China Built a Wall That Killed 400,000 People, Then Sold Tickets to Walk on Their Graves",,281 views,,,thumbs/DennisFarleyYT__RarA7QhGOIM.jpg,maxresdefault,2026-09-30,12d ago,0.3364,0.2966,0.2659,0.064,0.1198,0.0825,0.004,0.0241,0.0784,0.2545
DennisFarleyYT,Dennis Farley,1.86K subscribers,T1,low,7R6iu8qC64Q,Ethiopia Built a $5BN Dam That Could Starve Egypt (and They Can't Stop It),,545 views,,,thumbs/DennisFarleyYT__7R6iu8qC64Q.jpg,maxresdefault,2026-09-30,11d ago,0.4829,0.2031,0.0864,0.1086,0.0515,0.0493,0.0004,0.0787,0.0635,0.27
DennisFarleyYT,Dennis Farley,1.86K subscribers,T1,low,tf6qN9SeRu8,Nepal's Deadliest Flood Already Happened Once. Nobody Listened,,712 views,,,thumbs/DennisFarleyYT__tf6qN9SeRu8.jpg,maxresdefault,2026-09-30,2w ago,0.5668,0.2565,0.0359,0.0728,0.0163,0.0064,0.0,0.2114,0.088,0.2308
CaseyJones-Engineer,Casey Jones - Professional Engineer,78.8K subscribers,T1,top,Gz7Kb7v9bzs,3 Gorges Dam with InSAR Satellite Data,,1.3M views,,,thumbs/CaseyJones-Engineer__Gz7Kb7v9bzs.jpg,maxresdefault,2026-09-30,1 year ago,0.3699,0.3354,0.1782,0.001,0.1127,0.0608,0.0383,0.0094,0.0449,0.1966
CaseyJones-Engineer,Casey Jones - Professional Engineer,78.8K subscribers,T1,top,OFLv9aXJPV0,China Bridge Collapse -  November 2025,,546K views,,,thumbs/CaseyJones-Engineer__OFLv9aXJPV0.jpg,maxresdefault,2026-09-30,10 months ago,0.5675,0.1366,0.12,0.0007,0.09,0.0355,0.0496,0.0,0.0241,0.2114
CaseyJones-Engineer,Casey Jones - Professional Engineer,78.8K subscribers,T1,top,hdZJ5XJni_k,Partial Bridge Collapse in Maine!,,307K views,,,thumbs/CaseyJones-Engineer__hdZJ5XJni_k.jpg,maxresdefault,2026-09-30,1mo ago,0.5338,0.1915,0.1426,0.0084,0.121,0.0572,0.0535,0.0004,0.0434,0.2488
CaseyJones-Engineer,Casey Jones - Professional Engineer,78.8K subscribers,T1,low,IibZx2OtbyE,Philippine Earthquake - What Can We Learn?,,10K,,,thumbs/CaseyJones-Engineer__IibZx2OtbyE.jpg,maxresdefault,2026-09-30,3mo ago,0.4979,0.2109,0.1709,0.1107,0.1498,0.0886,0.0559,0.0092,0.0627,0.2942
CaseyJones-Engineer,Casey Jones - Professional Engineer,78.8K subscribers,T1,low,3gDllts2Y0o,Washington Bridge Drilled Shaft Construction and Testing,,22K,,,thumbs/CaseyJones-Engineer__3gDllts2Y0o.jpg,maxresdefault,2026-09-30,3mo ago,0.328,0.2885,0.2045,0.0057,0.1707,0.0571,0.065,0.0061,0.0474,0.2112
donoteat01,donoteat01,90.2K subscribers,T1,top,Hw2t0MOGnVc,Well There's Your Problem | Episode 4: Hyatt Regency Walkway Collapse,,175K views,,,thumbs/donoteat01__Hw2t0MOGnVc.jpg,maxresdefault,2026-09-30,6y ago,0.5321,0.2201,0.0963,0.0945,0.0883,0.0642,0.0012,0.0899,0.1012,0.2841
donoteat01,donoteat01,90.2K subscribers,T1,top,g9SETplgPYc,Well There's Your Problem | Episode 2: Sampoong Department Store,,173K views,,,thumbs/donoteat01__g9SETplgPYc.jpg,maxresdefault,2026-09-30,6y ago,0.5785,0.1756,0.0793,0.0015,0.0029,0.0013,0.0013,0.0117,0.0544,0.2471
donoteat01,donoteat01,90.2K subscribers,T1,top,1TOS68qWHhw,Untitled Engineering Disaster Podcast-like content Episode 1: The Silver Bridge Disaster,,172K views,,,thumbs/donoteat01__1TOS68qWHhw.jpg,maxresdefault,2026-09-30,7y ago,0.5303,0.0,0.1916,0.1648,0.0,0.0,0.0,0.0,0.0775,0.3209
donoteat01,donoteat01,90.2K subscribers,T1,top,BkWxbAoOK2o,Well There's Your Problem | Episode 3: SEPTA Regional Rail Meltdown 1979-1992,,186K views,,,thumbs/donoteat01__BkWxbAoOK2o.jpg,maxresdefault,2026-09-30,6y ago,0.4353,0.1554,0.2416,0.08,0.0145,0.0094,0.0094,0.0097,0.0713,0.3098
jeffostroff,jeffostroff,748K subscribers,T1,top,PEPyE2h6P4k,"Here's Cause Of Miami Condo Collapse Champlain Condo Towers, Surfside",,5.2M views,,,thumbs/jeffostroff__PEPyE2h6P4k.jpg,maxresdefault,2026-09-30,5 years ago,0.4811,0.3471,0.2029,0.1949,0.0254,0.0211,0.0123,0.1698,0.0472,0.3412
jeffostroff,jeffostroff,748K subscribers,T1,top,cFQGJKsN-Pg,OceanGate Titan Sub Debris Video Shows How It Imploded,,5.9M views,,,thumbs/jeffostroff__cFQGJKsN-Pg.jpg,maxresdefault,2026-09-30,2 years ago,0.4835,0.5683,0.278,0.2425,0.0029,0.0006,0.0015,0.4621,0.0279,0.3572
jeffostroff,jeffostroff,748K subscribers,T1,top,-lkOiGSvKn0,"What Caused UPS Plane Crash, Louisville, KY? How MD-11 Engine Fell Off",,4.1M views,,,thumbs/jeffostroff__-lkOiGSvKn0.jpg,maxresdefault,2026-09-30,10 months ago,0.3859,0.4653,0.2907,0.0254,0.1179,0.0909,0.0245,0.2556,0.0293,0.2899
jeffostroff,jeffostroff,748K subscribers,T1,top,SbDJjgN7Xbo,"What Caused Air India 171 Crash, Mysterious Sound Before Impact",,10M views,,,thumbs/jeffostroff__SbDJjgN7Xbo.jpg,maxresdefault,2026-09-30,1 year ago,0.4794,0.3259,0.1483,0.0182,0.1967,0.1298,0.0416,0.0,0.02,0.2428
jeffostroff,jeffostroff,748K subscribers,T1,low,NNXbPgVZ-ps,Freezer Frosting Up? 3 Quick Fixes (Save $300),,9K,,,thumbs/jeffostroff__NNXbPgVZ-ps.jpg,maxresdefault,2026-09-30,1mo ago,0.5253,0.3831,0.1735,0.0492,0.2181,0.1078,0.0604,0.0553,0.0517,0.2889
veritasium,Veritasium,21.3M subscribers,T2,top,uxPdPpi5W4o,"Why Are 96,000,000 Black Balls on This Reservoir?",,112M views,,,thumbs/veritasium__uxPdPpi5W4o.jpg,maxresdefault,2026-09-30,7 years ago,0.4547,0.2302,0.1033,0.0247,0.0506,0.0407,0.0044,0.0569,0.0943,0.2247
veritasium,Veritasium,21.3M subscribers,T2,top,IV3dnLzthDA,The Man Who Accidentally Killed The Most People In History,,43M views,,,thumbs/veritasium__IV3dnLzthDA.jpg,maxresdefault,2026-09-30,4 years ago,0.2468,0.6542,0.5173,0.031,0.1385,0.0965,0.0004,0.1808,0.0531,0.2792
veritasium,Veritasium,21.3M subscribers,T2,top,SC2eSujzrUY,How One Company Secretly Poisoned The Planet,,36M views,,,thumbs/veritasium__SC2eSujzrUY.jpg,maxresdefault,2026-09-30,1 year ago,0.2379,0.2136,0.4752,0.0465,0.0142,0.0142,0.0,0.0228,0.0462,0.2552
veritasium,Veritasium,21.3M subscribers,T2,top,4Wrc4fHSCpw,These are the asteroids to worry about,,81M views,,,thumbs/veritasium__4Wrc4fHSCpw.jpg,maxresdefault,2026-09-30,5 years ago,0.3679,0.3315,0.1673,0.0089,0.0349,0.0349,0.0,0.3754,0.0577,0.2025
veritasium,Veritasium,21.3M subscribers,T2,low,mvcesPWvUIc,We've Been Using The Wrong Science In Court For 50 years,,2.6M,,,thumbs/veritasium__mvcesPWvUIc.jpg,maxresdefault,2026-09-30,3mo ago,0.1482,0.2711,0.807,0.0322,0.0188,0.014,0.0219,0.0165,0.0332,0.2243
veritasium,Veritasium,21.3M subscribers,T2,low,J1WoNuemKOg,We sent a camera to space to film the solar eclipse,,2.7M,,,thumbs/veritasium__J1WoNuemKOg.jpg,maxresdefault,2026-09-30,1mo ago,0.2774,0.6293,0.4002,0.0272,0.0064,0.0027,0.0,0.3557,0.0229,0.2435
Vox,Vox,12.7M subscribers,T2,top,a_wuykzfFzE,This plane could cross the Atlantic in 3.5 hours. Why did it fail?,,17M views,,,thumbs/Vox__a_wuykzfFzE.jpg,maxresdefault,2026-09-30,10 years ago,0.6034,0.1371,0.0162,0.0223,0.0,0.0,0.0,0.0363,0.0214,0.223
Vox,Vox,12.7M subscribers,T2,top,TnlCRoBAcuw,,,,,,thumbs/Vox__TnlCRoBAcuw.jpg,maxresdefault,2026-09-30,,0.4438,0.1366,0.0854,0.0068,0.0063,0.001,0.0429,0.0717,0.047,0.2846
Vox,Vox,12.7M subscribers,T2,top,kIID5FDi2JQ,Why all world maps are wrong,,23M views,,,thumbs/Vox__kIID5FDi2JQ.jpg,maxresdefault,2026-09-30,9 years ago,0.5326,0.2175,0.105,0.0123,0.0698,0.0306,0.027,0.0702,0.0287,0.244
Vox,Vox,12.7M subscribers,T2,top,hLrFyjGZ9NU,Inside Hong Kong’s cage homes,,27M views,,,thumbs/Vox__hLrFyjGZ9NU.jpg,maxresdefault,2026-09-30,8 years ago,0.3764,0.4489,0.2834,0.0501,0.0096,0.004,0.0009,0.0718,0.0472,0.2832
Vox,Vox,12.7M subscribers,T2,low,e_O2pPtFKh0,Home Budgeting with Bobby Berk [Partner content from @progressive],,16K,,,thumbs/Vox__e_O2pPtFKh0.jpg,maxresdefault,2026-09-30,1mo ago,0.3014,0.6605,0.5597,0.0626,0.1227,0.0211,0.0,0.6209,0.0431,0.2742
Vox,Vox,12.7M subscribers,T2,low,pfIb9phu2VM,"A MAGA influencer tests the GOP midterm message. Is it working? | America, Actually",,34K,,,thumbs/Vox__pfIb9phu2VM.jpg,maxresdefault,2026-09-30,1mo ago,0.3948,0.3531,0.2037,0.0089,0.1972,0.1532,0.0821,0.0552,0.0474,0.259
Wendoverproductions,Wendover Productions,4.92M subscribers,T2,top,c0pS3Zx7Fc8,Cities at Sea: How Aircraft Carriers Work,,14M views,,,thumbs/Wendoverproductions__c0pS3Zx7Fc8.jpg,maxresdefault,2026-09-30,7 years ago,0.4652,0.3265,0.1531,0.0717,0.3113,0.1881,0.0079,0.0028,0.034,0.2809
Wendoverproductions,Wendover Productions,4.92M subscribers,T2,top,gdy0gBVWAzE,Living Underwater: How Submarines Work,,11M views,,,thumbs/Wendoverproductions__gdy0gBVWAzE.jpg,maxresdefault,2026-09-30,7 years ago,0.5941,0.3415,0.0161,0.1085,0.4015,0.1033,0.1063,0.0512,0.0206,0.2581
Wendoverproductions,Wendover Productions,4.92M subscribers,T2,top,b4wRdoWpw0w,The Failed Logistics of Russia's Invasion of Ukraine,,10M views,,,thumbs/Wendoverproductions__b4wRdoWpw0w.jpg,maxresdefault,2026-09-30,4 years ago,0.5432,0.6505,0.016,0.0481,0.3954,0.0198,0.2672,0.4557,0.0267,0.2487
Wendoverproductions,Wendover Productions,4.92M subscribers,T2,top,5-QejUTDCWw,The World's Most Useful Airport [Documentary],,9.9M views,,,thumbs/Wendoverproductions__5-QejUTDCWw.jpg,maxresdefault,2026-09-30,6 years ago,0.7543,0.1713,0.0482,0.2984,0.1267,0.0931,0.0021,0.0,0.0317,0.2477
Wendoverproductions,Wendover Productions,4.92M subscribers,T2,low,LU58bHm7GlE,One Piece of News From Every Country in the World (Pt 2),,261K,,,thumbs/Wendoverproductions__LU58bHm7GlE.jpg,maxresdefault,2026-09-30,8mo ago,0.4707,0.47,0.1999,0.1832,0.1128,0.0825,0.0344,0.2546,0.0574,0.3426
Wendoverproductions,Wendover Productions,4.92M subscribers,T2,low,8JqxcibEnjg,How the US' Only District Works,,497K,,,thumbs/Wendoverproductions__8JqxcibEnjg.jpg,maxresdefault,2026-09-30,1y ago,0.5657,0.2895,0.0967,0.1252,0.221,0.1095,0.0107,0.0029,0.0486,0.2714
Wendoverproductions,Wendover Productions,4.92M subscribers,T2,extra,AL57dSIXqBM,,,,,,thumbs/Wendoverproductions__AL57dSIXqBM.jpg,maxresdefault,2026-09-30,,0.5992,0.2082,0.0973,0.1598,0.0301,0.0109,0.0141,0.1131,0.0629,0.2802
polymatter,PolyMatter,1.93M subscribers,T2,top,ZY1BFv8qEeM,How Cruise Ships Work,,5.1M views,,,thumbs/polymatter__ZY1BFv8qEeM.jpg,maxresdefault,2026-09-30,8 years ago,0.7105,0.2168,0.0,0.2395,0.0109,0.0064,0.0,0.1249,0.0404,0.2115
polymatter,PolyMatter,1.93M subscribers,T2,top,5Wq0yv73NpY,Zimbabwe’s Currency Crisis: the worthless $100 trillion bill,,7.6M views,,,thumbs/polymatter__5Wq0yv73NpY.jpg,maxresdefault,2026-09-30,6 years ago,0.4237,0.6248,0.258,0.0314,0.2235,0.0815,0.2641,0.0,0.0366,0.2644
polymatter,PolyMatter,1.93M subscribers,T2,top,f5SE47Xjx2Q,Why 50 Million Chinese Homes are Empty,,4.5M views,,,thumbs/polymatter__f5SE47Xjx2Q.jpg,maxresdefault,2026-09-30,7 years ago,0.5445,0.3167,0.0231,0.1778,0.4274,0.4008,0.0286,0.0,0.0396,0.2827
polymatter,PolyMatter,1.93M subscribers,T2,top,mviTS_cIWXg,Why Bing Isn't a Failure (& the Future of the Internet),,4.7M views,,,thumbs/polymatter__mviTS_cIWXg.jpg,maxresdefault,2026-09-30,8 years ago,0.524,0.1964,0.0006,0.1118,0.0029,0.0017,0.0012,0.3561,0.0268,0.2574
polymatter,PolyMatter,1.93M subscribers,T2,low,Y2v6rAK6pZs,Can Switzerland Stay Neutral?,,112K,,,thumbs/polymatter__Y2v6rAK6pZs.jpg,maxresdefault,2026-09-30,4mo ago,0.5524,0.2499,0.148,0.2081,0.073,0.0721,0.001,0.1773,0.0663,0.3295
polymatter,PolyMatter,1.93M subscribers,T2,low,GpflQtqkQZ0,Are America’s Students Falling Behind?,,123K,,,thumbs/polymatter__GpflQtqkQZ0.jpg,maxresdefault,2026-09-30,8mo ago,0.5363,0.2638,0.0856,0.1176,0.5024,0.0181,0.0173,0.0,0.038,0.2746
halfasinteresting,Half as Interesting,2.94M subscribers,T2,top,M16CGK1T9MM,Why Photos of the Eiffel Tower at Night are Illegal,,12M views,,,thumbs/halfasinteresting__M16CGK1T9MM.jpg,maxresdefault,2026-09-30,8 years ago,0.2744,0.4081,0.3043,0.0206,0.1151,0.0,0.0508,0.1404,0.0209,0.2106
halfasinteresting,Half as Interesting,2.94M subscribers,T2,top,WQYsmZ6AJdY,The US Army’s Universal Camouflage: A Terrible Mistake,,7.4M views,,,thumbs/halfasinteresting__WQYsmZ6AJdY.jpg,maxresdefault,2026-09-30,3 years ago,0.4321,0.2769,0.1229,0.0,0.1116,0.0017,0.0352,0.0,0.0383,0.2091
halfasinteresting,Half as Interesting,2.94M subscribers,T2,top,vh6zanS_epw,The Glitch That Kept Sending The FBI To A Tiny Kansas Farm,,7.4M views,,,thumbs/halfasinteresting__vh6zanS_epw.jpg,maxresdefault,2026-09-30,4 years ago,0.25,0.73,0.4305,0.005,0.1935,0.0779,0.0727,0.1932,0.0301,0.218
halfasinteresting,Half as Interesting,2.94M subscribers,T2,top,NSeL5c65v-g,How a Manhole Cover Became the Fastest Manmade Object Ever,,5.4M views,,,thumbs/halfasinteresting__NSeL5c65v-g.jpg,maxresdefault,2026-09-30,7 years ago,0.4018,0.6019,0.1645,0.0463,0.4929,0.2675,0.1039,0.0,0.0358,0.2517
halfasinteresting,Half as Interesting,2.94M subscribers,T2,low,Cxx66orVd10,The Crazy-Fast Logistics of Flower Distribution,,168K,,,thumbs/halfasinteresting__Cxx66orVd10.jpg,maxresdefault,2026-09-30,6mo ago,0.6719,0.4073,0.1041,0.1475,0.1529,0.0557,0.0602,0.1752,0.036,0.2584
halfasinteresting,Half as Interesting,2.94M subscribers,T2,low,OGjBA4kv89U,Why This NYC Skyscraper Has Been Half-Finished Since 2018,,173K,,,thumbs/halfasinteresting__OGjBA4kv89U.jpg,maxresdefault,2026-09-30,3mo ago,0.6537,0.274,0.0758,0.0391,0.0633,0.0259,0.0248,0.1525,0.0433,0.2305
LEMMiNO,LEMMiNO,5.92M subscribers,T2,top,I2O7blSSzpI,Cicada 3301: An Internet Mystery,,42M views,,,thumbs/LEMMiNO__I2O7blSSzpI.jpg,maxresdefault,2026-09-30,8y ago,0.1296,0.0967,0.8584,0.021,0.0723,0.0723,0.0,0.0,0.0172,0.1815
LEMMiNO,LEMMiNO,5.92M subscribers,T2,top,kd2KEHvK-q8,The Vanishing of Flight 370,,29M views,,,thumbs/LEMMiNO__kd2KEHvK-q8.jpg,maxresdefault,2026-09-30,7y ago,0.498,0.4927,0.0,0.0519,0.0032,0.0032,0.0,0.8594,0.0092,0.1551
LEMMiNO,LEMMiNO,5.92M subscribers,T2,top,CbUjuwhQPKs,The Search For D. B. Cooper,,24M views,,,thumbs/LEMMiNO__CbUjuwhQPKs.jpg,maxresdefault,2026-09-30,6y ago,0.1641,0.4758,0.4405,0.0,0.3596,0.3596,0.0,0.0836,0.0043,0.0538
LEMMiNO,LEMMiNO,5.92M subscribers,T2,top,AgMcqNnqatw,The Legend of the Bermuda Triangle,,10M views,,,thumbs/LEMMiNO__AgMcqNnqatw.jpg,maxresdefault,2026-09-30,9y ago,0.2687,0.5295,0.297,0.0422,0.0322,0.0322,0.0,0.3731,0.042,0.2093
LEMMiNO,LEMMiNO,5.92M subscribers,T2,low,uFI5WpK2sgg,Shouting at Stars: A History of Interstellar Messages,,4.6M,,,thumbs/LEMMiNO__uFI5WpK2sgg.jpg,maxresdefault,2026-09-30,10mo ago,0.2265,0.6134,0.4301,0.009,0.0,0.0,0.0,0.3053,0.0185,0.1789
MustardChannel,Mustard,2.39M subscribers,T2,top,8AbtCE-sePc,What Happened To The Nautilus?,,20M views,,,thumbs/MustardChannel__8AbtCE-sePc.jpg,maxresdefault,2026-09-30,2y ago,0.381,0.3618,0.155,0.0535,0.0101,0.0027,0.001,0.3687,0.0395,0.2557
MustardChannel,Mustard,2.39M subscribers,T2,top,pW0eZRoQ86g,What Happened To The Antarctic Snow Cruiser?,,14M views,,,thumbs/MustardChannel__pW0eZRoQ86g.jpg,maxresdefault,2026-09-30,5y ago,0.6709,0.196,0.0152,0.1616,0.1605,0.1461,0.0016,0.021,0.0399,0.2229
MustardChannel,Mustard,2.39M subscribers,T2,top,Y91Zr480Tn4,Why You Never Got to Fly The American Concorde: The 2707 SST Story,,13M views,,,thumbs/MustardChannel__Y91Zr480Tn4.jpg,maxresdefault,2026-09-30,8 years ago,0.5749,0.2691,0.0001,0.048,0.0035,0.0,0.0009,0.2368,0.0292,0.159
MustardChannel,Mustard,2.39M subscribers,T2,top,yVdH_dYlVB8,What Happened To Giant Ekranoplans?,,11M views,,,thumbs/MustardChannel__yVdH_dYlVB8.jpg,maxresdefault,2026-09-30,6 years ago,0.6243,0.2823,0.0223,0.1078,0.2511,0.0221,0.0056,0.0103,0.0437,0.2378
MustardChannel,Mustard,2.39M subscribers,T2,low,GJ-4uWwQ5HA,Inflatable Airplanes Were A Bad Idea,,2.3M,,,thumbs/MustardChannel__GJ-4uWwQ5HA.jpg,maxresdefault,2026-09-30,5y ago,0.6966,0.2173,0.0175,0.1528,0.0989,0.0136,0.0478,0.0615,0.0484,0.2297
MustardChannel,Mustard,2.39M subscribers,T2,low,YCD1j4L7j3s,This Jet Changed Everything,,2.4M,,,thumbs/MustardChannel__YCD1j4L7j3s.jpg,maxresdefault,2026-09-30,3mo ago,0.595,0.3735,0.0092,0.0943,0.2214,0.0732,0.0819,0.2315,0.0493,0.2068
fern-tv,fern,5.54M subscribers,T2,top,PmtFtWVrxFE,The Kids Who Hacked The CIA,,20M views,,,thumbs/fern-tv__PmtFtWVrxFE.jpg,maxresdefault,2026-09-30,2 years ago,0.4594,0.4989,0.1306,0.0395,0.4984,0.0945,0.0261,0.0423,0.0422,0.2451
fern-tv,fern,5.54M subscribers,T2,top,pc8V5wxAXGk,The Biggest Nuke in History,,10M views,,,thumbs/fern-tv__pc8V5wxAXGk.jpg,maxresdefault,2026-09-30,1 year ago,0.3712,0.6562,0.1366,0.0555,0.1099,0.048,0.0338,0.5741,0.0334,0.2415
fern-tv,fern,5.54M subscribers,T2,top,lZmmGg51TfU,The Genius Design of Narco Submarines,,8.2M views,,,thumbs/fern-tv__lZmmGg51TfU.jpg,maxresdefault,2026-09-30,1 year ago,0.3805,0.7046,0.1447,0.0215,0.0016,0.0,0.0457,0.5432,0.0309,0.2239
fern-tv,fern,5.54M subscribers,T2,top,uI8oJYmCaz0,How One Man Survived Air India 171,,2.4M,,,thumbs/fern-tv__uI8oJYmCaz0.jpg,maxresdefault,2026-09-30,5mo ago,0.225,0.4447,0.6072,0.0337,0.1199,0.0402,0.064,0.0192,0.0267,0.2705
fern-tv,fern,5.54M subscribers,T2,low,xV82vkJ5Pjw,Why McDonald's Avoids 1.4 Billion People,,2.1M,,,thumbs/fern-tv__xV82vkJ5Pjw.jpg,maxresdefault,2026-09-30,2mo ago,0.203,0.5678,0.5204,0.0,0.495,0.3846,0.0527,0.0,0.027,0.1897
fern-tv,fern,5.54M subscribers,T2,low,9ABD2t4K2wQ,The World's Deadliest Child,,2.3M,,,thumbs/fern-tv__9ABD2t4K2wQ.jpg,maxresdefault,2026-09-30,5mo ago,0.3346,0.3942,0.3895,0.0218,0.3689,0.2754,0.0,0.0,0.0298,0.2883
JustHaveaThink,Just Have a Think,746K subscribers,T2,top,-Ss_wHCS1Aw,Why don't we all just use Geothermal Energy?,,1.7M views,,,thumbs/JustHaveaThink__-Ss_wHCS1Aw.jpg,maxresdefault,2026-09-30,6 years ago,0.3417,0.545,0.1648,0.0207,0.5608,0.4089,0.0036,0.017,0.038,0.1981
JustHaveaThink,Just Have a Think,746K subscribers,T2,top,6Yz8nZbZPE8,Is the Gulf Stream collapsing?,,1.4M views,,,thumbs/JustHaveaThink__6Yz8nZbZPE8.jpg,maxresdefault,2026-09-30,6 years ago,0.3272,0.3611,0.1999,0.0063,0.3755,0.1761,0.0049,0.0418,0.0396,0.2086
JustHaveaThink,Just Have a Think,746K subscribers,T2,top,m5wB2ur1S2w,New research : Doomsday Glacier ice shelf could 'give way any day now',,1.5M views,,,thumbs/JustHaveaThink__m5wB2ur1S2w.jpg,maxresdefault,2026-09-30,2mo ago,0.512,0.2764,0.1064,0.0183,0.1541,0.1255,0.001,0.0881,0.0352,0.2792
JustHaveaThink,Just Have a Think,746K subscribers,T2,top,fU8C5t2Jl48,A global solar PV waste TSUNAMI is about to hit!,,851K views,,,thumbs/JustHaveaThink__fU8C5t2Jl48.jpg,maxresdefault,2026-09-30,4 years ago,0.409,0.3635,0.1773,0.0634,0.0007,0.0004,0.0,0.4776,0.0872,0.259
JustHaveaThink,Just Have a Think,746K subscribers,T2,low,FDI8A5cVv4I,New Research : Canada could remove 5X its annual emissions just by planting trees!,,103K,,,thumbs/JustHaveaThink__FDI8A5cVv4I.jpg,maxresdefault,2026-09-30,5mo ago,0.4598,0.4652,0.0859,0.0384,0.195,0.0007,0.303,0.0365,0.0574,0.2355
JustHaveaThink,Just Have a Think,746K subscribers,T2,low,4-phprAtA7Q,Old Coal Mines as Giant Batteries – Brilliant Idea or Engineering Nightmare?,,134K,,,thumbs/JustHaveaThink__4-phprAtA7Q.jpg,maxresdefault,2026-09-30,4mo ago,0.2514,0.4695,0.3807,0.0114,0.2389,0.07,0.0292,0.184,0.0441,0.2098
JaredOwen,Jared Owen,4.44M subscribers,T2,top,VJy17qZmhjE,What happened to the Hindenburg?,,11M views,,,thumbs/JaredOwen__VJy17qZmhjE.jpg,maxresdefault,2026-09-30,7 years ago,0.368,0.2134,0.3411,0.0305,0.1442,0.034,0.0151,0.0053,0.0348,0.2401
JaredOwen,Jared Owen,4.44M subscribers,T2,top,HLrBUwNSEo0,What's inside the Titanic?,,22M views,,,thumbs/JaredOwen__HLrBUwNSEo0.jpg,maxresdefault,2026-09-30,3y ago,0.5577,0.3643,0.0166,0.0735,0.047,0.006,0.0012,0.5104,0.0458,0.1855
JaredOwen,Jared Owen,4.44M subscribers,T2,top,SdL55HWNPRM,How does a Tank work? (M1A2 Abrams),,64M views,,,thumbs/JaredOwen__SdL55HWNPRM.jpg,maxresdefault,2026-09-30,6 years ago,0.3874,0.142,0.3122,0.0709,0.0177,0.0005,0.0035,0.0019,0.0508,0.2968
JaredOwen,Jared Owen,4.44M subscribers,T2,top,1jfNIBtfWDY,How does an Escalator work?,,19M views,,,thumbs/JaredOwen__1jfNIBtfWDY.jpg,maxresdefault,2026-09-30,6 years ago,0.3144,0.0704,0.4136,0.0616,0.0135,0.0,0.0408,0.032,0.0341,0.2451
JaredOwen,Jared Owen,4.44M subscribers,T2,low,ucyw6GVifCE,How a Boat-Lifting Wheel works,,440K,,,thumbs/JaredOwen__ucyw6GVifCE.jpg,maxresdefault,2026-09-30,1mo ago,0.5033,0.3863,0.0321,0.0418,0.017,0.0139,0.0248,0.2018,0.0404,0.1917
JaredOwen,Jared Owen,4.44M subscribers,T2,low,7QsgPiLe_Q0,How does a Spiral Escalator work?,,1.1M,,,thumbs/JaredOwen__7QsgPiLe_Q0.jpg,maxresdefault,2026-09-30,3mo ago,0.4328,0.1325,0.1438,0.0416,0.1084,0.0,0.0464,0.0097,0.045,0.2206
CleoAbram,Cleo Abram,8.79M subscribers,T2,top,N0-ZZ9pLyWw,What If You Just Keep Digging?,,13M views,,,thumbs/CleoAbram__N0-ZZ9pLyWw.jpg,maxresdefault,2026-09-30,1y ago,0.4143,0.5721,0.1353,0.045,0.5022,0.1926,0.0277,0.0431,0.0394,0.2421
CleoAbram,Cleo Abram,8.79M subscribers,T2,top,XfGEMCb6BQU,What's Hidden Under Antarctica?,,9.8M views,,,thumbs/CleoAbram__XfGEMCb6BQU.jpg,maxresdefault,2026-09-30,4mo ago,0.3654,0.4921,0.3824,0.0227,0.1863,0.0924,0.0482,0.1295,0.0439,0.2894
CleoAbram,Cleo Abram,8.79M subscribers,T2,top,pfIWxFIVP_Y,The Shoe That Broke Running,,10M views,,,thumbs/CleoAbram__pfIWxFIVP_Y.jpg,maxresdefault,2026-09-30,2y ago,0.4988,0.4221,0.1387,0.0257,0.2003,0.0633,0.0292,0.0961,0.0412,0.2786
CleoAbram,Cleo Abram,8.79M subscribers,T2,top,yWgHx0HE8m8,Something’s Happening to the Ozone Hole,,8.1M views,,,thumbs/CleoAbram__yWgHx0HE8m8.jpg,maxresdefault,2026-09-30,1mo ago,0.3642,0.5747,0.2779,0.0323,0.2677,0.09,0.0151,0.1397,0.0326,0.2838
CleoAbram,Cleo Abram,8.79M subscribers,T2,low,JbKzSDfDdns,Something Huge Is Coming...,,290K,,,thumbs/CleoAbram__JbKzSDfDdns.jpg,maxresdefault,2026-09-30,2y ago,0.3185,0.3308,0.237,0.0488,0.1503,0.1255,0.0413,0.0629,0.0252,0.2469
CleoAbram,Cleo Abram,8.79M subscribers,T2,low,znWFsB0f0EA,Zero Gravity Is Weirder Than You Think (Bonus Episode),,701K,,,thumbs/CleoAbram__znWFsB0f0EA.jpg,maxresdefault,2026-09-30,1y ago,0.5868,0.203,0.0428,0.0559,0.0407,0.0384,0.0,0.1795,0.0461,0.2346
RealLifeLore,RealLifeLore,7.94M subscribers,T2,top,GE-lAftuQgc,The Ocean is Way Deeper Than You Think,,50M views,,,thumbs/RealLifeLore__GE-lAftuQgc.jpg,maxresdefault,2026-09-30,9 years ago,0.3231,0.6429,0.3409,0.0353,0.0883,0.0056,0.0,0.4856,0.0318,0.2729
RealLifeLore,RealLifeLore,7.94M subscribers,T2,top,E39GIysMevQ,What's the Deepest Hole We Can Possibly Dig?,,48M views,,,thumbs/RealLifeLore__E39GIysMevQ.jpg,maxresdefault,2026-09-30,9 years ago,0.494,0.472,0.1087,0.0797,0.4229,0.0457,0.0453,0.2494,0.0455,0.2714
RealLifeLore,RealLifeLore,7.94M subscribers,T2,top,fs1CIrwg5zU,The Terrifying True Scale of Nuclear Weapons,,16M views,,,thumbs/RealLifeLore__fs1CIrwg5zU.jpg,maxresdefault,2026-09-30,9 years ago,0.216,0.7549,0.6432,0.041,0.5153,0.3936,0.0412,0.0,0.0367,0.2727
RealLifeLore,RealLifeLore,7.94M subscribers,T2,top,If61baWF4GE,Why Russia is Invading Ukraine,,21M views,,,thumbs/RealLifeLore__If61baWF4GE.jpg,maxresdefault,2026-09-30,4 years ago,0.5059,0.2137,0.1388,0.0358,0.201,0.1822,0.0086,0.0258,0.0472,0.2654
RealLifeLore,RealLifeLore,7.94M subscribers,T2,low,To8rpgqvtSc,What's Hidden Under the World's Most Mysterious Places?,,409K,,,thumbs/RealLifeLore__To8rpgqvtSc.jpg,maxresdefault,2026-09-30,4mo ago,0.398,0.5913,0.2044,0.0138,0.2855,0.0424,0.0674,0.2362,0.0631,0.2467
RealLifeLore,RealLifeLore,7.94M subscribers,T2,low,5iy1qcy6XkY,The Ceuta Situation is Insane,,467K,,,thumbs/RealLifeLore__5iy1qcy6XkY.jpg,maxresdefault,2026-09-30,7mo ago,0.4227,0.5567,0.0831,0.0545,0.0832,0.0,0.1884,0.1774,0.0462,0.2337
joescott,Joe Scott,2.56M subscribers,T2,top,_vFxGhRq4N4,This Is Why You Can’t Go To Antarctica,,13M views,,,thumbs/joescott___vFxGhRq4N4.jpg,maxresdefault,2026-09-30,2 years ago,0.4714,0.6108,0.2245,0.145,0.0039,0.0038,0.0,0.4427,0.0248,0.3354
joescott,Joe Scott,2.56M subscribers,T2,top,lHrHQZpK1Os,How To Squeeze A Human Being Through A Five Inch Hole,,8.2M views,,,thumbs/joescott__lHrHQZpK1Os.jpg,maxresdefault,2026-09-30,1 year ago,0.4956,0.2308,0.0743,0.0215,0.2095,0.0531,0.0159,0.0,0.0423,0.2048
joescott,Joe Scott,2.56M subscribers,T2,top,P4hFRfOeZX8,What Happened To The First Human Head Transplant? (Feat. Medlife Crisis),,5M views,,,thumbs/joescott__P4hFRfOeZX8.jpg,maxresdefault,2026-09-30,2 years ago,0.4617,0.2511,0.2371,0.1011,0.1249,0.0146,0.0001,0.0804,0.0272,0.3132
joescott,Joe Scott,2.56M subscribers,T2,top,tib0lgpjbu8,"This Disease Turned 5 Million People Into Statues, And Then Vanished",,4M views,,,thumbs/joescott__tib0lgpjbu8.jpg,maxresdefault,2026-09-30,2 years ago,0.3746,0.0072,0.0348,0.0137,0.0,0.0,0.0,0.0,0.0324,0.2094
joescott,Joe Scott,2.56M subscribers,T2,low,euAzT_jK0t8,Perhaps The Craziest Thought Any Human Has Ever Had,,250K,,,thumbs/joescott__euAzT_jK0t8.jpg,maxresdefault,2026-09-30,4mo ago,0.5029,0.0049,0.0274,0.0481,0.0,0.0,0.0,0.0,0.0333,0.209
joescott,Joe Scott,2.56M subscribers,T2,low,G2EbN7wCx8Y,Why Being A Victorian Baker Was A Death Sentence,,307K,,,thumbs/joescott__G2EbN7wCx8Y.jpg,maxresdefault,2026-09-30,6mo ago,0.4116,0.2802,0.3657,0.0766,0.0681,0.0681,0.0,0.0558,0.0373,0.3522
joescott,Joe Scott,2.56M subscribers,T2,extra,lBJW5-IDh5U,,,,,,thumbs/joescott__lBJW5-IDh5U.jpg,maxresdefault,2026-09-30,,0.4125,0.5364,0.1185,0.0226,0.7432,0.0298,0.0,0.0,0.0152,0.2235
LostIndustriesUK,Lost Industries,24.1K subscribers,T2,top,XGv1p6d1xMc,Inside Airfix: The Bankruptcy That Destroyed Britain’s Model Empire,,403K views,,,thumbs/LostIndustriesUK__XGv1p6d1xMc.jpg,maxresdefault,2026-09-30,6 months ago,0.336,0.4392,0.1792,0.0427,0.4686,0.4623,0.0052,0.0052,0.0371,0.2272
LostIndustriesUK,Lost Industries,24.1K subscribers,T2,top,heU4yOQLzLw,How Just One Mistake Destroyed the World’s Greatest Bicycle: Raleigh,,188K views,,,thumbs/LostIndustriesUK__heU4yOQLzLw.jpg,maxresdefault,2026-09-30,2 months ago,0.4612,0.1694,0.081,0.0043,0.0721,0.0413,0.0128,0.0283,0.0328,0.1841
LostIndustriesUK,Lost Industries,24.1K subscribers,T2,top,9T-Yak4IPI0,The Fatal Rolls-Royce Scandal: The Engine That Bankrupted Britain’s Pride,,140K views,,,thumbs/LostIndustriesUK__9T-Yak4IPI0.jpg,maxresdefault,2026-09-30,6 months ago,0.3697,0.4008,0.2251,0.0839,0.3372,0.2633,0.0002,0.0171,0.0719,0.274
LostIndustriesUK,Lost Industries,24.1K subscribers,T2,low,7ggec11g_fE,"How Just One Mistake Destroyed Royal Doulton, Britain's Greatest Ceramic Empire",,1.3K,,,thumbs/LostIndustriesUK__7ggec11g_fE.jpg,maxresdefault,2026-09-30,3w ago,0.435,0.1954,0.1065,0.0029,0.0826,0.0244,0.0001,0.039,0.0294,0.1761
LostIndustriesUK,Lost Industries,24.1K subscribers,T2,low,6mpNSJ48qp4,How Just One Mistake Destroyed The World's Fastest Car: Jaguar XJ220,,2.4K,,,thumbs/LostIndustriesUK__6mpNSJ48qp4.jpg,maxresdefault,2026-09-30,1mo ago,0.4306,0.1783,0.1045,0.0057,0.0383,0.0141,0.0004,0.0363,0.0339,0.1937
Inkexplainer96,Ink Explainer,106K subscribers,T3,top,49_Ph2q6uIM,What Did Ancient Humans Actually Do All Day?,,9.7M views,,,thumbs/Inkexplainer96__49_Ph2q6uIM.jpg,maxresdefault,2026-09-30,1mo ago,0.6622,0.3653,0.0649,0.1076,0.0681,0.0159,0.2229,0.2907,0.0594,0.2418
Inkexplainer96,Ink Explainer,106K subscribers,T3,top,SD7XyG2wd1k,What Did Ancient Humans Do When It Rained All Week?,,1.5M views,,,thumbs/Inkexplainer96__SD7XyG2wd1k.jpg,maxresdefault,2026-09-30,2mo ago,0.4232,0.304,0.0574,0.0583,0.3378,0.0098,0.0041,0.0,0.0558,0.1974
Inkexplainer96,Ink Explainer,106K subscribers,T3,top,OCr6NteWSQ8,Why Are We the Only Human Species Left? What happened to others...,,1.2M views,,,thumbs/Inkexplainer96__OCr6NteWSQ8.jpg,maxresdefault,2026-09-30,3mo ago,0.3971,0.3181,0.0862,0.0214,0.211,0.0322,0.034,0.052,0.053,0.177
Inkexplainer96,Ink Explainer,106K subscribers,T3,top,9AFO6MHy8y4,When Did Ancient Humans Start Drinking Alcohol?,,886K views,,,thumbs/Inkexplainer96__9AFO6MHy8y4.jpg,maxresdefault,2026-09-30,4mo ago,0.4659,0.4096,0.0546,0.0368,0.5617,0.0323,0.0035,0.0,0.0563,0.2339
Inkexplainer96,Ink Explainer,106K subscribers,T3,low,ulWFk_L2Ips,what is The IKEA Effect.,,15K views,,,thumbs/Inkexplainer96__ulWFk_L2Ips.jpg,maxresdefault,2026-09-30,5mo ago,0.8965,0.0508,0.048,0.8144,0.0645,0.0612,0.004,0.0,0.0321,0.2468
Inkexplainer96,Ink Explainer,106K subscribers,T3,low,6TzPQ0046lw,What did Early Humans do when they got Sick,,37K views,,,thumbs/Inkexplainer96__6TzPQ0046lw.jpg,maxresdefault,2026-09-30,4mo ago,0.3249,0.2201,0.1298,0.0232,0.0,0.0,0.039,0.0,0.0519,0.1826
OverSimplified,OverSimplified,9.64M subscribers,T3,top,_uk_6vfqwTA,WW2 - OverSimplified (Part 1),,105M views,,,thumbs/OverSimplified___uk_6vfqwTA.jpg,maxresdefault,2026-09-30,8y ago,0.4505,0.3875,0.3049,0.2744,0.2062,0.1363,0.0489,0.0414,0.059,0.368
OverSimplified,OverSimplified,9.64M subscribers,T3,top,I79TpDe3t2g,The Cold War - OverSimplified (Part 1),,74M views,,,thumbs/OverSimplified__I79TpDe3t2g.jpg,maxresdefault,2026-09-30,7y ago,0.4312,0.4006,0.3258,0.2628,0.1016,0.0535,0.0792,0.0151,0.0592,0.3721
OverSimplified,OverSimplified,9.64M subscribers,T3,top,AAGIi62-sAU,Prohibition - OverSimplified,,58M views,,,thumbs/OverSimplified__AAGIi62-sAU.jpg,maxresdefault,2026-09-30,5y ago,0.5132,0.3561,0.1431,0.2176,0.1271,0.0034,0.0967,0.0829,0.0802,0.3266
OverSimplified,OverSimplified,9.64M subscribers,T3,top,ewLpXw6uN28,Henry VIII - OverSimplified,,50M views,,,thumbs/OverSimplified__ewLpXw6uN28.jpg,maxresdefault,2026-09-30,6y ago,0.6377,0.2224,0.1061,0.3064,0.219,0.1564,0.0111,0.0067,0.0614,0.3065
OverSimplified,OverSimplified,9.64M subscribers,T3,low,805SIqgDZIE,RECAP: First Punic War,,2.4M,,,thumbs/OverSimplified__805SIqgDZIE.jpg,maxresdefault,2026-09-30,2y ago,0.4561,0.4362,0.0765,0.1047,0.2262,0.043,0.1013,0.2687,0.0586,0.2676
OverSimplified,OverSimplified,9.64M subscribers,T3,low,lsbcN9-jU1Y,The Second Punic War - OverSimplified (Part 1),,20M,,,thumbs/OverSimplified__lsbcN9-jU1Y.jpg,maxresdefault,2026-09-30,2y ago,0.5981,0.3021,0.02,0.1296,0.1843,0.1054,0.0033,0.0231,0.062,0.2466
SimpleHistory,Simple History,5.11M subscribers,T3,top,zvBiIvKUiOQ,Sniper Decoys: Dummy Heads,,23M views,,,thumbs/SimpleHistory__zvBiIvKUiOQ.jpg,maxresdefault,2026-09-30,7 years ago,0.3766,0.575,0.0019,0.022,0.4648,0.0026,0.1413,0.2649,0.0162,0.1715
SimpleHistory,Simple History,5.11M subscribers,T3,top,GGPxesCB8ns,Schwerer Gustav  - Rail Super Gun (Behemoth),,16M views,,,thumbs/SimpleHistory__GGPxesCB8ns.jpg,maxresdefault,2026-09-30,8 years ago,0.5893,0.3037,0.013,0.0385,0.0005,0.0,0.0024,0.3349,0.0336,0.2319
SimpleHistory,Simple History,5.11M subscribers,T3,top,jgGp7Zvz5QA,How Long did a Person Stay Alive after being Guillotined?,,11M views,,,thumbs/SimpleHistory__jgGp7Zvz5QA.jpg,maxresdefault,2026-09-30,6 years ago,0.5136,0.2348,0.0173,0.0027,0.0005,0.0005,0.0,0.0011,0.0134,0.204
SimpleHistory,Simple History,5.11M subscribers,T3,top,CgykKEhfEok,Trench Systems (Cross Section),,9.1M views,,,thumbs/SimpleHistory__CgykKEhfEok.jpg,maxresdefault,2026-09-30,8 years ago,0.4939,0.4497,0.0104,0.2763,0.5721,0.0027,0.0203,0.0,0.0299,0.3375
SimpleHistory,Simple History,5.11M subscribers,T3,low,8f-leS-S8uA,Happy 250th Birthday to the USA!,,33K,,,thumbs/SimpleHistory__8f-leS-S8uA.jpg,maxresdefault,2026-09-30,2mo ago,0.4165,0.3959,0.1201,0.0345,0.2004,0.1068,0.0384,0.1463,0.06,0.2467
SimpleHistory,Simple History,5.11M subscribers,T3,low,sW8ZEn4Ce2Y,Life inside M1 Abrams Cross Section,,64K,,,thumbs/SimpleHistory__sW8ZEn4Ce2Y.jpg,maxresdefault,2026-09-30,2mo ago,0.5231,0.5472,0.0204,0.0471,0.2192,0.0356,0.1349,0.3433,0.054,0.1963
mndiaye_97,Casual Geographic,4.31M subscribers,T3,top,s5p6vGuWqeQ,Animals that Got the Middle Finger from Evolution,,17M views,,,thumbs/mndiaye_97__s5p6vGuWqeQ.jpg,maxresdefault,2026-09-30,5 years ago,0.4884,0.1358,0.1599,0.202,0.0792,0.0756,0.0004,0.0,0.046,0.3329
mndiaye_97,Casual Geographic,4.31M subscribers,T3,top,wg2iuU2gazc,Animal Diseases that Belong in a Horror Movie,,10M views,,,thumbs/mndiaye_97__wg2iuU2gazc.jpg,maxresdefault,2026-09-30,2 years ago,0.3677,0.4705,0.2348,0.0186,0.3076,0.0462,0.1898,0.0,0.0392,0.2464
mndiaye_97,Casual Geographic,4.31M subscribers,T3,top,6W4R4d05dko,One Mistake and This Chimp Lost It All,,9.4M views,,,thumbs/mndiaye_97__6W4R4d05dko.jpg,hqdefault,2026-09-30,4 years ago,0.2275,0.2395,0.4248,0.003,0.0292,0.0278,0.0001,0.0061,0.037,0.2166
mndiaye_97,Casual Geographic,4.31M subscribers,T3,top,qpWGMTXMLfs,These People Are Making a BIG Mistake,,7.5M views,,,thumbs/mndiaye_97__qpWGMTXMLfs.jpg,maxresdefault,2026-09-30,5 years ago,0.6034,0.0837,0.1294,0.2376,0.0393,0.036,0.0,0.0061,0.0381,0.3206
mndiaye_97,Casual Geographic,4.31M subscribers,T3,low,UtIt3cIv9Rc,Why These Sharks Completely Destroy the Stereotype,,1.1M,,,thumbs/mndiaye_97__UtIt3cIv9Rc.jpg,maxresdefault,2026-09-30,9mo ago,0.382,0.561,0.2018,0.0473,0.0218,0.0175,0.0033,0.4558,0.041,0.2453
mndiaye_97,Casual Geographic,4.31M subscribers,T3,low,ZV4JyVRkN34,The Country That Changes Your Brain Chemistry,,1.2M,,,thumbs/mndiaye_97__ZV4JyVRkN34.jpg,maxresdefault,2026-09-30,3mo ago,0.313,0.378,0.3164,0.0206,0.1009,0.0791,0.0352,0.0017,0.065,0.2325
SimplePaintOfficial,Simple Paint,514K subscribers,T3,top,V-yY8hGPXM0,The Worst Astronaut Deaths Ever,,5.9M views,,,thumbs/SimplePaintOfficial__V-yY8hGPXM0.jpg,maxresdefault,2026-09-30,11 months ago,0.7274,0.1494,0.043,0.4574,0.0546,0.0079,0.0007,0.0164,0.0679,0.3026
SimplePaintOfficial,Simple Paint,514K subscribers,T3,top,p9oqtTzzWMs,The Most AVOIDABLE Cave Deaths Ever,,5.8M views,,,thumbs/SimplePaintOfficial__p9oqtTzzWMs.jpg,maxresdefault,2026-09-30,1 year ago,0.4662,0.4546,0.0444,0.0442,0.6605,0.0786,0.0015,0.0001,0.0432,0.1952
SimplePaintOfficial,Simple Paint,514K subscribers,T3,top,IpHuv8XSeFY,The Worst Mistakes Humans Ever Made,,3.3M views,,,thumbs/SimplePaintOfficial__IpHuv8XSeFY.jpg,maxresdefault,2026-09-30,8 months ago,0.6992,0.1397,0.0772,0.5039,0.0928,0.0704,0.0117,0.0001,0.0515,0.3437
SimplePaintOfficial,Simple Paint,514K subscribers,T3,top,2hZNJ93Vzao,The Worst Roller Coaster Deaths Ever,,3.3M views,,,thumbs/SimplePaintOfficial__2hZNJ93Vzao.jpg,maxresdefault,2026-09-30,1 year ago,0.6861,0.2612,0.0486,0.4035,0.2131,0.1723,0.0672,0.0006,0.067,0.3227
SimplePaintOfficial,Simple Paint,514K subscribers,T3,low,8Q1-qTxdmuI,The Worst Bungee Jumping Deaths Ever,,68K,,,thumbs/SimplePaintOfficial__8Q1-qTxdmuI.jpg,maxresdefault,2026-09-30,1mo ago,0.7524,0.0907,0.1415,0.6604,0.0034,0.0021,0.0,0.0888,0.0292,0.3742
SimplePaintOfficial,Simple Paint,514K subscribers,T3,low,n46GQ3rdUSU,The Worst Farm Deaths Ever,,88K,,,thumbs/SimplePaintOfficial__n46GQ3rdUSU.jpg,maxresdefault,2026-09-30,2mo ago,0.6205,0.2393,0.1212,0.3951,0.1216,0.0856,0.0311,0.0142,0.0386,0.3469
kurzgesagt,Kurzgesagt – In a Nutshell,25.6M subscribers,T3,top,9tbxDgcv74c,What If You Detonated a Nuclear Bomb In The Marianas Trench? (Science not Fantasy),,36M views,,,thumbs/kurzgesagt__9tbxDgcv74c.jpg,maxresdefault,2026-09-30,8 years ago,0.394,0.7816,0.3784,0.1096,0.0766,0.0075,0.0524,0.3087,0.0283,0.3198
kurzgesagt,Kurzgesagt – In a Nutshell,25.6M subscribers,T3,top,3mnSDifDSxQ,The Largest Star in the Universe – Size Comparison,,35M views,,,thumbs/kurzgesagt__3mnSDifDSxQ.jpg,maxresdefault,2026-09-30,6 years ago,0.2419,0.8402,0.6462,0.0936,0.3719,0.2673,0.0348,0.0,0.032,0.3194
kurzgesagt,Kurzgesagt – In a Nutshell,25.6M subscribers,T3,top,JyECrGp-Sw8,What If We Detonated All Nuclear Bombs at Once?,,32M views,,,thumbs/kurzgesagt__JyECrGp-Sw8.jpg,maxresdefault,2026-09-30,7 years ago,0.352,0.8237,0.4236,0.1272,0.1233,0.0447,0.0687,0.4257,0.0365,0.3395
kurzgesagt,Kurzgesagt – In a Nutshell,25.6M subscribers,T3,top,5iPH-br_eJQ,What if We Nuke a City?,,29M views,,,thumbs/kurzgesagt__5iPH-br_eJQ.jpg,maxresdefault,2026-09-30,6 years ago,0.361,0.7776,0.457,0.1464,0.2383,0.1182,0.0954,0.0311,0.0212,0.3484
kurzgesagt,Kurzgesagt – In a Nutshell,25.6M subscribers,T3,low,UnrtLi7YIY4,We Made A New Journal,,328K,,,thumbs/kurzgesagt__UnrtLi7YIY4.jpg,maxresdefault,2026-09-30,8mo ago,0.6368,0.7517,0.0347,0.1534,0.0125,0.0056,0.169,0.0023,0.0238,0.241
kurzgesagt,Kurzgesagt – In a Nutshell,25.6M subscribers,T3,low,XunabxHzMuM,This Game Took Us Two Years To Make,,704K,,,thumbs/kurzgesagt__XunabxHzMuM.jpg,maxresdefault,2026-09-30,1y ago,0.256,0.8032,0.5667,0.0607,0.0812,0.0405,0.0191,0.2999,0.0394,0.297
TEDEd,TED-Ed,22.9M subscribers,T3,top,N5vJSNXPEwA,Can you solve the prisoner hat riddle? - Alex Gendler,,37M views,,,thumbs/TEDEd__N5vJSNXPEwA.jpg,maxresdefault,2026-09-30,10 years ago,0.7695,0.1509,0.03,0.2543,0.0341,0.0203,0.0107,0.0382,0.0381,0.2013
TEDEd,TED-Ed,22.9M subscribers,T3,top,7yDmGnA8Hw0,Can you solve the bridge riddle? - Alex Gendler,,24M views,,,thumbs/TEDEd__7yDmGnA8Hw0.jpg,maxresdefault,2026-09-30,11 years ago,0.3848,0.4573,0.2859,0.0965,0.031,0.031,0.0,0.3344,0.0315,0.2852
TEDEd,TED-Ed,22.9M subscribers,T3,top,xKxrkht7CpY,How do solar panels work? - Richard Komp,,26M views,,,thumbs/TEDEd__xKxrkht7CpY.jpg,maxresdefault,2026-09-30,10 years ago,0.5995,0.1373,0.0192,0.1129,0.0753,0.0753,0.0,0.0,0.0325,0.2661
TEDEd,TED-Ed,22.9M subscribers,T3,low,uBwkMc1llmM,The incredible engineering of Venice - Stephanie H. Smith,,180K,,,thumbs/TEDEd__uBwkMc1llmM.jpg,maxresdefault,2026-09-30,4mo ago,0.6381,0.3972,0.088,0.0465,0.0145,0.0143,0.0,0.4138,0.0255,0.266
TEDEd,TED-Ed,22.9M subscribers,T3,low,6hCo4S_1Fhw,Why avalanches are most deadly when they stop - Simon Trautman,,214K,,,thumbs/TEDEd__6hCo4S_1Fhw.jpg,maxresdefault,2026-09-30,3mo ago,0.7757,0.2485,0.0458,0.6738,0.0107,0.0107,0.0,0.1383,0.0329,0.2624
MinuteEarth,MinuteEarth,3.33M subscribers,T3,top,8a3r-cG8Wic,Why Do Rivers Curve?,,9.3M views,,,thumbs/MinuteEarth__8a3r-cG8Wic.jpg,maxresdefault,2026-09-30,11 years ago,0.7827,0.2218,0.0359,0.4788,0.0214,0.0061,0.0039,0.0989,0.0308,0.2553
MinuteEarth,MinuteEarth,3.33M subscribers,T3,top,PBCNWmU5apE,Why It Sucks to Be a Male Hyena,,19M views,,,thumbs/MinuteEarth__PBCNWmU5apE.jpg,maxresdefault,2026-09-30,9 years ago,0.6808,0.1875,0.1035,0.4784,0.0823,0.0135,0.0021,0.1215,0.0475,0.3467
MinuteEarth,MinuteEarth,3.33M subscribers,T3,top,uKP3lc9SOaA,Why There Are No King Bees,,6.9M views,,,thumbs/MinuteEarth__uKP3lc9SOaA.jpg,maxresdefault,2026-09-30,2 years ago,0.8127,0.0601,0.0462,0.5124,0.0533,0.0,0.0299,0.0094,0.0316,0.2358
MinuteEarth,MinuteEarth,3.33M subscribers,T3,low,Iuj-Ha3u074,The Heaviest Part of a Forest Is NOT What You Think,,120K,,,thumbs/MinuteEarth__Iuj-Ha3u074.jpg,maxresdefault,2026-09-30,1mo ago,0.7326,0.0709,0.063,0.4142,0.0038,0.0032,0.0032,0.0,0.0427,0.2788
MinuteEarth,MinuteEarth,3.33M subscribers,T3,low,f91p64gOFF0,Could This Thing *Really* Fly?,,132K,,,thumbs/MinuteEarth__f91p64gOFF0.jpg,maxresdefault,2026-09-30,6mo ago,0.8697,0.0131,0.024,0.6466,0.0032,0.0032,0.0,0.0,0.0223,0.1912
Insider,Insider,9.61M subscribers,T3,top,ZwcSrCKZK0U,How The Indoraptor Was Brought To Life In 'Jurassic World: Fallen Kingdom' | Movies Insider,,48M views,,,thumbs/Insider__ZwcSrCKZK0U.jpg,maxresdefault,2026-09-30,8 years ago,0.3652,0.1458,0.1685,0.0175,0.0214,0.0039,0.0002,0.0,0.0298,0.1972
Insider,Insider,9.61M subscribers,T3,top,qRRuOTuhL_o,How Jawbreakers Are Made,,36M views,,,thumbs/Insider__qRRuOTuhL_o.jpg,maxresdefault,2026-09-30,8 years ago,0.6096,0.476,0.0142,0.078,0.6612,0.4099,0.0326,0.0034,0.0204,0.2214
Insider,Insider,9.61M subscribers,T3,low,4FD17PLNc2U,How Having OCD Actually Works | Authorized Account | Insider,,84K,,,thumbs/Insider__4FD17PLNc2U.jpg,maxresdefault,2026-09-30,8mo ago,0.4383,0.3511,0.237,0.0412,0.3855,0.2095,0.0154,0.0271,0.0367,0.2851
GrungeHQ,Grunge,2.53M subscribers,T3,top,zcpyXus51vM,British Military Guards Must Follow Proper Fainting Protocol,,18M views,,,thumbs/GrungeHQ__zcpyXus51vM.jpg,maxresdefault,2026-09-30,4 years ago,0.2846,0.4997,0.4045,0.0043,0.3155,0.3059,0.0009,0.0029,0.0459,0.2553
GrungeHQ,Grunge,2.53M subscribers,T3,top,5cdfB6wFrbg,The Dangerous Truth Of Jacob's Well,,8.5M views,,,thumbs/GrungeHQ__5cdfB6wFrbg.jpg,maxresdefault,2026-09-30,6 years ago,0.4301,0.4078,0.0,0.0073,0.1611,0.0006,0.0549,0.4987,0.029,0.1559
GrungeHQ,Grunge,2.53M subscribers,T3,top,73c_noIbIy4,Daredevils Who Lost Their Lives During Insane Stunts,,10M views,,,thumbs/GrungeHQ__73c_noIbIy4.jpg,maxresdefault,2026-09-30,7 years ago,0.437,0.1921,0.0,0.0311,0.0072,0.0029,0.0,0.0026,0.0286,0.1739
GrungeHQ,Grunge,2.53M subscribers,T3,low,L6etHsVluE4,What Kenny Rogers And Dolly Parton's Collaborations Reveal About Their Friendship,,3.3K,,,thumbs/GrungeHQ__L6etHsVluE4.jpg,maxresdefault,2026-09-30,11d ago,0.3285,0.6215,0.1952,0.0115,0.0032,0.0013,0.0004,0.5189,0.0252,0.2106
