set,channel,group,video_id,title,views,age_years,chars,words,shape,question,why,how,what,yesno,starts_the,digit,colon,separator,allcaps_word,exclaim,you,really_actually,loud_word,outcome_word,len_le40,len_41_60,len_gt60
niche,Practical Engineering,top,zRM2AnwNY20,The Wild Story of the Taum Sauk Dam Failure,11000000.0,1.0,43,9,Statement: The ...,False,False,False,False,False,True,False,False,False,False,False,False,False,False,True,False,True,False
niche,Practical Engineering,top,HRx_dZawN44,The Hidden Engineering of Landfills,11000000.0,2.0,35,5,Statement: The ...,False,False,False,False,False,True,False,False,False,False,False,False,False,True,False,True,False,False
niche,Practical Engineering,top,0kQXOTcEB_E,Why Are Beach Holes So Deadly?,7000000.0,1.0,30,6,Q:Why,True,True,False,False,False,False,False,False,False,False,False,False,False,True,False,True,False,False
niche,Practical Engineering,top,3oBCtTv6yOw,What Really Happened at the Arecibo Telescope?,9400000.0,5.0,46,7,Q:What,True,False,False,True,False,False,False,False,False,False,False,False,True,False,False,False,True,False
niche,Practical Engineering,top,bY1E2IkvQ3k,The Bizarre Paths of Groundwater Around Structures,14000000.0,4.0,50,7,Statement: The ...,False,False,False,False,False,True,False,False,False,False,False,False,False,False,False,False,True,False
niche,Practical Engineering,top,e-DVIQPqS8E,How Do Sinkholes Form?,13000000.0,9.0,22,4,Q:How,True,False,True,False,False,False,False,False,False,False,False,False,False,False,False,True,False,False
niche,Practical Engineering,weak,7oi4yMr8Rjk,Bridge Demolition is Complicated,572000.0,0.25,32,4,Statement: other,False,False,False,False,False,False,False,False,False,False,False,False,False,False,False,True,False,False
niche,Practical Engineering,weak,DWLcmq_DiaA,Fixing the Most Dangerous Dam in the World,670000.0,0.3333333333333333,42,8,Statement: other,False,False,False,False,False,False,False,False,False,False,False,False,False,False,False,False,True,False
niche,Practical Engineering,weak,UF63eFJmbrQ,This Spillway Failed On Purpose,783000.0,0.4166666666666667,31,5,Statement: other,False,False,False,False,False,False,False,False,False,False,False,False,False,False,True,True,False,False
niche,Practical Engineering,extra,J7ieKmP96Hc,The Wild Story of the Teton Dam Failure,1200000.0,0.4166666666666667,39,8,Statement: The ...,False,False,False,False,False,True,False,False,False,False,False,False,False,False,True,True,False,False
niche,Practical Engineering,extra,Ku_ockR2t44,The Mind-Blowing Flaw That Flooded New Orleans,1900000.0,0.16666666666666666,46,8,Statement: The ...,False,False,False,False,False,True,False,False,False,False,False,False,False,False,False,False,True,False
niche,Real Engineering,top,wk6Qr6OO5Xo,The Insane Engineering of the A-10 Warthog,19000000.0,6.0,42,8,Statement: The ...,False,False,False,False,False,True,True,False,False,False,False,False,False,True,False,False,True,False
niche,Real Engineering,top,3hYSnyVLmGE,The Insane Engineering of the SR-71 Blackbird,10000000.0,6.0,45,8,Statement: The ...,False,False,False,False,False,True,True,False,False,False,False,False,False,True,False,False,True,False
niche,Real Engineering,top,saCdvAp5cow,How a Single Swedish Submarine Defeated the US Navy,10000000.0,8.0,51,9,Statement: other,False,False,True,False,False,False,False,False,False,False,False,False,False,False,False,False,True,False
niche,Real Engineering,top,7OpM_zKGE4o,The Problem with Solar Energy in Africa,8100000.0,4.0,39,7,Statement: The ...,False,False,False,False,False,True,False,False,False,False,False,False,False,False,False,True,False,False
niche,Real Engineering,top,aICaAEXDJQQ,The Insane Engineering of James Webb Telescope,8800000.0,4.0,46,7,Statement: The ...,False,False,False,False,False,True,False,False,False,False,False,False,False,True,False,False,True,False
niche,Real Engineering,weak,UiPJbxryrkU,Sagrada Familia - Full Documentary,413000.0,0.08333333333333333,34,4,Statement with separator,False,False,False,False,False,False,False,False,True,False,False,False,False,False,False,True,False,False
niche,Real Engineering,weak,Vf_pS0XSTyo,Solar Farms in Space - Reflect Orbital,537000.0,0.75,38,6,Statement with separator,False,False,False,False,False,False,False,False,True,False,False,False,False,False,False,True,False,False
niche,Real Engineering,weak,ZewlcJsfbn8,The Dark Side of the World’s Lightest Structural Metal,562000.0,0.25,54,9,Statement: The ...,False,False,False,False,False,True,False,False,False,False,False,False,False,True,False,False,True,False
niche,Real Engineering,extra,n7Q1vubN4w8,Why America’s Tank Failed in Ukraine,1600000.0,0.5833333333333334,36,6,Statement: other,False,True,False,False,False,False,False,False,False,False,False,False,False,False,True,True,False,False
niche,Mentour Pilot,top,C-nALYF73hU,The Crash that KILLED Concorde | Air France flight 4590,16000000.0,5.0,55,9,Statement with separator,False,False,False,False,False,True,True,False,True,True,False,False,False,False,True,False,True,False
niche,Mentour Pilot,top,2d9B9RN5quA,What REALLY Caused the Worst Airport Disaster In History?! | Tenerife Airport Disaster,11000000.0,4.0,86,12,Q:What,True,False,False,True,False,False,False,False,True,True,True,False,True,True,True,False,False,True
niche,Mentour Pilot,top,e5AGHEUxLME,TITANIC of the Skies! - The Air France 447 Accident Explained,9200000.0,3.0,61,10,Statement with separator,False,False,False,False,False,False,True,False,True,True,True,False,False,False,False,False,False,True
niche,Mentour Pilot,top,nj7nG6gJqsU,HOW was THIS Allowed to HAPPEN?!,7100000.0,4.0,32,6,Q:How,True,False,True,False,False,False,False,False,False,True,True,False,False,False,False,True,False,False
niche,Mentour Pilot,top,0pLRMJyD9TY,WHY did The Pilots CONTINUE?! Asiana flight 214,5400000.0,3.0,47,8,Q:Why,True,True,False,False,False,False,True,False,False,True,True,False,False,False,False,False,True,False
niche,Mentour Pilot,weak,1BU5hqbU1z4,The Explosion That Killed A City,443000.0,0.4166666666666667,32,6,Statement: The ...,False,False,False,False,False,True,False,False,False,False,False,False,False,False,True,True,False,False
niche,Mentour Pilot,weak,npW_RLgRo5c,The Door OPENED Itself!? | United Airlines Flight 811,658000.0,0.25,53,8,Q:other,True,False,False,False,False,True,True,False,True,True,True,False,False,False,False,False,True,False
niche,Mentour Pilot,weak,rTWD8wRn4H8,The DEADLY Secret That Ripped This Plane APART! | The Insane Story Of The 1977 Dan-Air Crash,666000.0,0.3333333333333333,92,17,Statement with separator,False,False,False,False,False,True,True,False,True,True,True,False,False,True,True,False,False,True
niche,Fascinating Horror,top,EPaBRegvkuQ,The Sunshine Skyway Bridge Disaster | A Short Documentary | Fascinating Horror,4600000.0,3.0,78,10,Statement with separator,False,False,False,False,False,True,False,False,True,False,False,False,False,False,True,False,False,True
niche,Fascinating Horror,top,v2h4vw9cYP8,The Los Alfaques Disaster | A Short Documentary | Fascinating Horror,3400000.0,5.0,68,9,Statement with separator,False,False,False,False,False,True,False,False,True,False,False,False,False,False,True,False,False,True
niche,Fascinating Horror,top,Z4oiYtvavTY,Dead on Arrival: The Soyuz 11 Disaster | A Short Documentary | Fascinating Horror,3300000.0,1.0,81,12,Statement with separator,False,False,False,False,False,False,True,True,True,False,False,False,False,False,True,False,False,True
niche,Fascinating Horror,top,BtJUbTa8q0M,Joints Stuffed With Newspaper: The Ronan Point Disaster | A Short Documentary | Fascinating Horror,2700000.0,2.0,98,13,Statement with separator,False,False,False,False,False,False,False,True,True,False,False,False,False,False,True,False,False,True
niche,Fascinating Horror,top,4hRNhosh8Lk,"""Horrorglass"" and Locked Exits: The Summerland Fire | Fascinating Horror",2900000.0,5.0,72,9,Statement with separator,False,False,False,False,False,False,False,True,True,False,False,False,False,False,True,False,False,True
niche,Fascinating Horror,top,VA8jIgvA8fo,The Halifax Explosion | A Short Documentary | Fascinating Horror,2600000.0,5.0,64,8,Statement with separator,False,False,False,False,False,True,False,False,True,False,False,False,False,False,True,False,False,True
niche,Fascinating Horror,weak,FTkmRF_TYRQ,COMPILATION: Fascinating Horror Shorts 31 - 60 | Fascinating Horror,74000.0,0.3333333333333333,67,8,Statement with separator,False,False,False,False,False,False,True,True,True,True,False,False,False,False,False,False,False,True
niche,Fascinating Horror,weak,lUfqJ90PQFY,How The Fukushima Nuclear Plant Melted Down | Fascinating Horror,204000.0,0.3333333333333333,64,9,Statement with separator,False,False,True,False,False,False,False,False,True,False,False,False,False,False,False,False,False,True
niche,Fascinating Horror,weak,DXyReo7l_aQ,Blinded By A Rollercoaster: The Problem With Dragon Challenge | Fascinating Horror,254000.0,0.5,82,11,Statement with separator,False,False,False,False,False,False,False,True,True,False,False,False,False,False,False,False,False,True
niche,Plainly Difficult,top,VE8FnsnWz48,A Brief History of: The Demon Core (Short Documentary),7900000.0,7.0,54,9,Statement with separator,False,False,False,False,False,False,False,True,True,False,False,False,False,False,False,False,True,False
niche,Plainly Difficult,top,IkBJU8BbrUs,Part 1 The Chernobyl Disaster Explained 1986  | A Brief History of Documentary,2900000.0,5.0,78,12,Statement with separator,False,False,False,False,False,False,True,False,True,False,False,False,False,False,True,False,False,True
niche,Plainly Difficult,top,lIvD2agDBnM,The Ronan Point Tower Disaster 1968 | Plainly Difficult Documentary,1700000.0,4.0,67,9,Statement with separator,False,False,False,False,False,True,True,False,True,False,False,False,False,False,True,False,False,True
niche,Plainly Difficult,top,-5idPqAlLGU,A Brief History of: The Sampoong Department Store Collapse (Documentary),1700000.0,5.0,72,10,Statement with separator,False,False,False,False,False,False,False,True,True,False,False,False,False,False,True,False,False,True
niche,Plainly Difficult,top,7-NKdWV5SCg,A Brief History of: The Sodium Reactor Experiment Accident (short Documentary),1600000.0,6.0,78,11,Statement with separator,False,False,False,False,False,False,False,True,True,False,False,False,False,False,False,False,False,True
niche,Plainly Difficult,top,aUa2VXecghg,Scandal: Takata Airbags The Worst Product Recall in History? | Short Documentary,1800000.0,4.0,80,11,Q:other,True,False,False,False,False,False,False,True,True,False,False,False,False,True,False,False,False,True
niche,Plainly Difficult,weak,ZYs7e9GEtX0,The Insane SPERT Nuclear Reactor Meltdown Test | Plainly Difficult Radiation Documentary,109000.0,0.25,88,11,Statement with separator,False,False,False,False,False,True,False,False,True,True,False,False,False,True,True,False,False,True
niche,Plainly Difficult,weak,5jCwB7mhRLU,Train Crashes into Wall at FULL Speed | Plainly Difficult,117000.0,0.16666666666666666,57,9,Statement with separator,False,False,False,False,False,False,False,False,True,True,False,False,False,False,False,False,True,False
niche,Plainly Difficult,weak,aqeEdRmQTKo,Instant Collapse: When the MV Dali Toppled the Francis Scott Key Bridge,122000.0,0.5,71,12,Statement with separator,False,False,False,False,False,False,False,True,True,False,False,False,False,False,True,False,False,True
niche,Disaster Breakdown,top,wSmtnuFoAv0,Did This Small Mistake Kill Everyone? - The Heartbreaking Story of Air Canada 621,1400000.0,2.0,81,13,Q:Yes/no,True,False,False,False,True,False,True,False,True,False,False,False,False,False,False,False,False,True
niche,Disaster Breakdown,top,Jl29NPpEkT8,Cruel False Hope ☂️ The Awful Story of the New York Mid-air Collision - DISASTER BREAKDOWN,1300000.0,2.0,90,15,Statement with separator,False,False,False,False,False,False,False,False,True,True,False,False,False,False,True,False,False,True
niche,Disaster Breakdown,top,b2ZwvOTjr7M,They Planned To Kill Many More People (Air India Flight 182) - DISASTER BREAKDOWN,1100000.0,3.0,81,13,Statement with separator,False,False,False,False,False,False,True,False,True,True,False,False,False,False,True,False,False,True
niche,Disaster Breakdown,top,wdzByk9IvQ4,The Heartbreaking Nightmare of Saudia Flight 163 - DISASTER BREAKDOWN,1100000.0,2.0,69,9,Statement with separator,False,False,False,False,False,True,True,False,True,True,False,False,False,True,True,False,False,True
niche,Disaster Breakdown,top,H2xhxAykb1k,Why Didn't They Listen (Braniff International Airways Flight 352) - DISASTER BREAKDOWN,1000000.0,3.0,86,11,Statement with separator,False,True,False,False,False,False,True,False,True,True,False,False,False,False,True,False,False,True
niche,Disaster Breakdown,weak,sFNhVrv6L6o,737 Down Over ABQ - Wayfarer Flight 515,67000.0,0.4166666666666667,39,7,Statement with separator,False,False,False,False,False,False,True,False,True,True,False,False,False,False,False,True,False,False
niche,Disaster Breakdown,weak,Xj7HBWjFl4U,Andes Miracle - Why The Plane Crashed (A Deep Dive into Uruguayan Air Force 571),85000.0,0.5,80,14,Statement with separator,False,False,False,False,False,False,True,False,True,False,False,False,False,False,True,False,False,True
niche,Disaster Breakdown,weak,CsstSTTQfdA,With a Song in Their Hearts 💙 Pan Am 526A Clipper Endeavor,119000.0,0.030136986301369864,58,11,Statement: other,False,False,False,False,False,False,True,False,False,False,False,False,False,False,False,False,True,False
niche,The B1M,top,Wehsz38P74g,Why New York’s Billionaires’ Row Is Half Empty,20000000.0,4.0,46,8,Statement: other,False,True,False,False,False,False,False,False,False,False,False,False,False,False,False,False,True,False
niche,The B1M,top,JgkgBZfLu2I,Why Shanghai Tower Failed,7800000.0,6.0,25,4,Statement: other,False,True,False,False,False,False,False,False,False,False,False,False,False,False,True,True,False,False
niche,The B1M,top,a_-BrHqQwXI,Africa’s $5BN Megadam Will Block the Nile,10000000.0,3.0,41,7,Statement: other,False,False,False,False,False,False,True,False,False,False,False,False,False,False,False,False,True,False
niche,The B1M,top,sYFbyZBvnlU,Inside Europe's $1BN Abandoned Mega Build,9200000.0,1.0,41,6,Statement: other,False,False,False,False,False,False,True,False,False,False,False,False,False,False,False,False,True,False
niche,The B1M,top,OPUlqYN4Z-k,The Flatiron: The Shocking Story of New York’s Strangest Tower,6900000.0,3.0,62,10,Statement with separator,False,False,False,False,False,True,False,True,True,False,False,False,False,True,False,False,False,True
niche,The B1M,top,2gwrSaNSl00,Saudi Arabia Built a $16BN Clock Tower,8600000.0,2.0,38,7,Statement: other,False,False,False,False,False,False,True,False,False,False,False,False,False,False,False,True,False,False
niche,The B1M,weak,dbmXZUZwdeg,Why Japan Builds Like Nowhere Else,358000.0,0.16666666666666666,34,6,Statement: other,False,True,False,False,False,False,False,False,False,False,False,False,False,False,False,True,False,False
niche,The B1M,weak,6_v4hBVjqvo,"The Urgent Race to Save Turkey's 1,500-Year-Old Building",538000.0,0.25,56,11,Statement: The ...,False,False,False,False,False,True,True,False,False,False,False,False,False,False,False,False,True,False
niche,The B1M,weak,n_cqgL2UZFk,What is Being Built Under New York?,571000.0,0.08333333333333333,35,7,Q:What,True,False,False,True,False,False,False,False,False,False,False,False,False,False,False,True,False,False
niche,Sabin Civil Engineering,top,E6tp8DCAJ-0,Golden Gate Bridge | The CRAZY Engineering behind it,19000000.0,4.0,52,8,Statement with separator,False,False,False,False,False,False,False,False,True,True,False,False,False,True,False,False,True,False
niche,Sabin Civil Engineering,top,t5cJB6JL0_k,Underwater Constructions | How do Engineers Make Them?,14000000.0,2.0,54,7,Q:other,True,False,False,False,False,False,False,False,True,False,False,False,False,False,False,False,True,False
niche,Sabin Civil Engineering,top,suIAo0EYwOE,Tesla Valve | The complete physics,59000000.0,6.0,34,5,Statement with separator,False,False,False,False,False,False,False,False,True,False,False,False,False,False,False,True,False,False
niche,Sabin Civil Engineering,top,_GoQmBhdr98,Silver Bridge | The Tragedy That Changed Civil Engineering Forever,1100000.0,1.0,66,9,Statement with separator,False,False,False,False,False,False,False,False,True,False,False,False,False,False,True,False,False,True
niche,Sabin Civil Engineering,top,XzgryPhtc1Y,The interesting engineering behind the SHAPE of Train wheels!,31000000.0,4.0,61,9,Statement: The ...,False,False,False,False,False,True,False,False,False,True,True,False,False,False,False,False,False,True
niche,Sabin Civil Engineering,weak,1UzlVPhvEco,This Bridge Disappared in Seconds : Sunshine Skyway Disaster,31000.0,0.3333333333333333,60,8,Statement with separator,False,False,False,False,False,False,False,True,True,False,False,False,False,False,True,False,True,False
niche,Sabin Civil Engineering,weak,LkrjYgcr5n4,China’s Top Secret: How the Deadliest Dam Collapse was Caused by a Minor Flaw,129000.0,0.3333333333333333,77,14,Statement with separator,False,False,False,False,False,False,False,True,True,False,False,False,False,True,True,False,False,True
niche,Sabin Civil Engineering,weak,m4joDZLtI84,Extreme Soviet Engineering : Drilling into the Mantle of the Earth,116000.0,0.16666666666666666,66,10,Statement with separator,False,False,False,False,False,False,False,True,True,False,False,False,False,False,False,False,False,True
niche,Dark Records,top,PcWRO2pyLA8,The Lake Peigneur Giant Sinkhole Disaster 1980,6700000.0,4.0,46,7,Statement: The ...,False,False,False,False,False,True,True,False,False,False,False,False,False,False,True,False,True,False
niche,Dark Records,top,VslQpDCUsbQ,The Ship Sinking MS Estonia (Disaster Documentary),4800000.0,4.0,50,7,Statement: The ...,False,False,False,False,False,True,False,False,False,False,False,False,False,False,True,False,True,False
niche,Dark Records,top,NgQ7jh9mrWs,The 2020 Beirut Explosion Disaster Documentary,4800000.0,3.0,46,6,Statement: The ...,False,False,False,False,False,True,True,False,False,False,False,False,False,False,True,False,True,False
niche,Dark Records,top,okaqNg4Q9gI,This Mistake Cost 16 Skydivers Their Lives (Lake Erie Disaster),4700000.0,3.0,63,10,Statement: other,False,False,False,False,False,False,True,False,False,False,False,False,False,False,True,False,False,True
niche,Dark Records,top,0SFcWZx3L4g,The Kaprun Alpine Railway Disaster 2000,2700000.0,4.0,39,6,Statement: The ...,False,False,False,False,False,True,True,False,False,False,False,False,False,False,True,True,False,False
niche,Dark Records,top,HNpcwmIyuH0,Train Wiped Out a Town - The Lac-Mégantic Inferno 2013,2600000.0,3.0,54,11,Statement with separator,False,False,False,False,False,False,True,False,True,False,False,False,False,False,False,False,True,False
niche,Dark Records,weak,cWkcVZHrmJc,The Infamous Tauern Tunnel Fire Inferno,56000.0,0.25,39,6,Statement: The ...,False,False,False,False,False,True,False,False,False,False,False,False,False,False,True,True,False,False
niche,Dark Records,weak,VXOhLrOSorg,Soviet Jet Disintegrates Over Crowd at the Paris Air Show,47000.0,0.25,57,10,Statement: other,False,False,False,False,False,False,False,False,False,False,False,False,False,False,False,False,True,False
niche,Dark Records,weak,TJzufknvce8,"The ""Bomb Cyclone"" Blizzard That Buried America",37000.0,0.3333333333333333,47,7,Statement: The ...,False,False,False,False,False,True,False,False,False,False,False,False,False,False,False,False,True,False
niche,Dark Records,extra,ownv_3ovCNA,Why Did This Brand New Water Park Explode?,2900000.0,1.0,42,8,Q:Why,True,True,False,False,False,False,False,False,False,False,False,False,False,False,True,False,True,False
niche,Brick Immortar,top,-BNDub3h2_I,DISASTROUS INDIFFERENCE: The Loss of SS El Faro,4800000.0,4.0,47,8,Statement with separator,False,False,False,False,False,False,False,True,True,True,False,False,False,False,False,False,True,False
niche,Brick Immortar,top,g-uJ1do3yV8,CRUSH DEPTH: The Nightmarish Loss of USS Thresher,4700000.0,3.0,49,8,Statement with separator,False,False,False,False,False,False,False,True,True,True,False,False,False,False,False,False,True,False
niche,Brick Immortar,top,cyNFhthQ97Q,TRAGICALLY INEXPERIENCED: The Ocean Ranger Oil Rig Disaster,4300000.0,4.0,59,8,Statement with separator,False,False,False,False,False,False,False,True,True,True,False,False,False,False,True,False,True,False
niche,Brick Immortar,top,3htwtaJI2nM,A COLLISION OF GUILT: The Sunshine Skyway Bridge Collapse,3000000.0,4.0,57,9,Statement with separator,False,False,False,False,False,False,False,True,True,True,False,False,False,False,True,False,True,False
niche,Brick Immortar,top,yal0RZvzW-0,OFFSHORE NIGHTMARE: The Collapse of Texas Tower 4,2400000.0,1.0,49,8,Statement with separator,False,False,False,False,False,False,True,True,True,True,False,False,False,True,True,False,True,False
niche,Brick Immortar,top,259gYwTWUyU,The Sampoong Department Store Collapse: Largest Mall Disaster in History,2000000.0,5.0,72,10,Statement with separator,False,False,False,False,False,True,False,True,True,False,False,False,False,False,True,False,False,True
niche,Brick Immortar,weak,0tEEVNHbUWQ,Built From Deadly Lessons Learned,300000.0,4.0,33,5,Statement: other,False,False,False,False,False,False,False,False,False,False,False,False,False,True,False,True,False,False
niche,Brick Immortar,weak,N4P7qHjp3nE,Snow Covered Negligence: The Knickerbocker Theater Disaster,347000.0,4.0,59,7,Statement with separator,False,False,False,False,False,False,False,True,True,False,False,False,False,False,True,False,True,False
niche,Brick Immortar,weak,dyo56rwtY2Q,Tragic Turning Point: The Armagh Rail Disaster,473000.0,4.0,46,7,Statement with separator,False,False,False,False,False,False,False,True,True,False,False,False,False,False,True,False,True,False
niche,Brick Immortar,extra,d8o54wmXpV0,A COLLISION OF BLAME: The Total Collapse of Baltimore's Key Bridge,493000.0,0.16666666666666666,66,11,Statement with separator,False,False,False,False,False,False,False,True,True,True,False,False,False,False,True,False,False,True
niche,Dark Docs,top,v_-bW8F7E6M,The First Concorde Crash was Soviet,9500000.0,7.0,35,6,Statement: The ...,False,False,False,False,False,True,False,False,False,False,False,False,False,False,True,True,False,False
niche,Dark Docs,top,ws5pq_QNCWE,The Filthiest Chernobyl Men You've Never Heard Of,5100000.0,7.0,49,8,Statement: The ...,False,False,False,False,False,True,False,False,False,False,False,True,False,False,False,False,True,False
niche,Dark Docs,top,-v5tymzKrIY,The Mystery of the Other Atomic Bomb,3600000.0,3.0,36,7,Statement: The ...,False,False,False,False,False,True,False,False,False,False,False,False,False,True,False,True,False,False
niche,Dark Docs,top,S4FCXbzlaPE,The Massive Blast That Swallowed an Army Alive,2800000.0,5.0,46,8,Statement: The ...,False,False,False,False,False,True,False,False,False,False,False,False,False,False,True,False,True,False
niche,Dark Docs,top,Yfgbm_0QGbU,"The Nazi Superweapon That Needed 4,000 Men to Fire",3500000.0,6.0,50,10,Statement: The ...,False,False,False,False,False,True,True,False,False,False,False,False,False,False,True,False,True,False
niche,Dark Docs,weak,t9LKYMGTT2k,The Tactical Disaster that 10 Presidents Haven't Been Able to Solve,10000.0,0.3333333333333333,67,11,Statement: The ...,False,False,False,False,False,True,True,False,False,False,False,False,False,False,True,False,False,True
niche,Dark Docs,weak,x5rVoV9OuDY,"The One Man Who Held Off 1,000 Chinese Soldiers",11000.0,0.25,47,10,Statement: The ...,False,False,False,False,False,True,True,False,False,False,False,False,False,False,False,False,True,False
niche,Dark Docs,weak,UBn2iIwMMHs,The Brutal Reality of Being a WWII Tank Commander,16000.0,0.3333333333333333,49,9,Statement: The ...,False,False,False,False,False,True,False,False,False,False,False,False,False,True,False,False,True,False
niche,The Hydraulic Record,top,9pH_3n23_8o,The Nepal Flood: What We Know,2000000.0,0.08333333333333333,29,6,Statement with separator,False,False,False,False,False,True,False,True,True,False,False,False,False,False,True,True,False,False
niche,The Hydraulic Record,top,aRYq2kuHL2E,Teton Dam: The Dam That Failed Its First Fill,1000000.0,0.16666666666666666,45,9,Statement with separator,False,False,False,False,False,False,False,True,True,False,False,False,False,False,True,False,True,False
niche,The Hydraulic Record,top,CFnh54FeNo0,Banqiao Dam: The Deadliest Dam Failure in History,358000.0,0.16666666666666666,49,8,Statement with separator,False,False,False,False,False,False,False,True,True,False,False,False,False,False,True,False,True,False
niche,The Hydraulic Record,top,-l11P5nXNHg,Vajont: Six Minutes That Erased A Valley,160000.0,0.25,40,7,Statement with separator,False,False,False,False,False,False,False,True,True,False,False,False,False,False,False,True,False,False
niche,The Hydraulic Record,top,5_hKEz4v0pw,Glen Canyon Dam: How a Bubble Nearly Destroyed It,157000.0,0.16666666666666666,49,9,Statement with separator,False,False,False,False,False,False,False,True,True,False,False,False,False,False,False,False,True,False
niche,The Hydraulic Record,top,mwwdnfaNKxk,How Close Oroville Dam Came to Failing in 2017,132000.0,0.25,46,9,Statement: other,False,False,True,False,False,False,True,False,False,False,False,False,False,False,False,False,True,False
niche,The Hydraulic Record,weak,-KBjE-6B_ws,How Russia Weaponized a River in Ukraine,19000.0,0.16666666666666666,40,7,Statement: other,False,False,True,False,False,False,False,False,False,False,False,False,False,False,False,True,False,False
niche,The Hydraulic Record,weak,jPJOZqYFYUQ,Black Hills Flood: The Dam Wasn't the Disaster,40000.0,0.07692307692307693,46,8,Statement with separator,False,False,False,False,False,False,False,True,True,False,False,False,False,False,True,False,True,False
niche,The Hydraulic Record,weak,_Bt0BMoIwo8,The Johnstown Flood: The Worst Failure in American History,82000.0,0.08333333333333333,58,9,Statement with separator,False,False,False,False,False,True,False,True,True,False,False,False,False,True,True,False,True,False
niche,The Hydraulic Record,extra,NFV55w_i1zg,St. Francis Dam: Declared Safe 12 Hours Before It Failed,30000.0,,56,10,Statement with separator,False,False,False,False,False,False,True,True,True,False,False,False,False,False,True,False,True,False
niche,What On Earth Is This?,top,xhFFSvfXwjU,The World’s Fastest Cable Car Is Terrifying,1100000.0,0.08333333333333333,43,7,Statement: The ...,False,False,False,False,False,True,False,False,False,False,False,False,False,True,False,False,True,False
niche,What On Earth Is This?,top,oIR8vd-bi8I,"If This Dam Fails, It Pollutes Half of Europe.",974000.0,0.5833333333333334,46,9,Statement: other,False,False,False,False,False,False,False,False,False,False,False,False,False,False,True,False,True,False
niche,What On Earth Is This?,top,gVtfIEik8Aw,They Built A Terrible Dam. It Collapsed Within 40 Days.,933000.0,0.6666666666666666,55,10,Statement: other,False,False,False,False,False,False,True,False,False,False,False,False,False,False,True,False,True,False
niche,What On Earth Is This?,top,cATbD1_6d9o,Two Countries Built A Joint Bridge. They Messed It Up.,338000.0,0.4166666666666667,54,10,Statement: other,False,False,False,False,False,False,False,False,False,False,False,False,False,False,False,False,True,False
niche,What On Earth Is This?,top,yCoAOk9_30E,The Village In The Path Of A Giant Landslide.,178000.0,0.3333333333333333,45,9,Statement: The ...,False,False,False,False,False,True,False,False,False,False,False,False,False,False,False,False,True,False
niche,What On Earth Is This?,weak,dqncmZn4XyY,I Answered Your Questions on a Soviet Night Train,14000.0,0.6666666666666666,49,9,Statement: other,False,False,False,False,False,False,False,False,False,False,False,True,False,False,False,False,True,False
niche,What On Earth Is This?,weak,xgE2FKYzyXw,The REAL Story Behind Japan's Blue Traffic Lights,43000.0,1.0,49,8,Statement: The ...,False,False,False,False,False,True,False,False,False,True,False,False,False,False,False,False,True,False
niche,What On Earth Is This?,weak,0CbrnTUw4IM,Suurhusen: Why This Leaning Church Proves Guinness Records Are Meaningless,46000.0,1.0,74,10,Statement with separator,False,False,False,False,False,False,False,True,True,False,False,False,False,False,False,False,False,True
niche,Storified,top,cDjODRpuXrU,Sucked Into an Oil Pipe - The Paria Diving Incident,14000000.0,3.0,51,9,Statement with separator,False,False,False,False,False,False,False,False,True,False,False,False,False,False,False,False,True,False
niche,Storified,top,j8XgLX5FLdY,Sucked Through a Tiny Hole - Byford Dolphin Incident,5700000.0,2.0,52,8,Statement with separator,False,False,False,False,False,False,False,False,True,False,False,False,False,False,False,False,True,False
niche,Storified,top,iorhSlFYpDc,Killed in 4 Milliseconds - America's Deadliest Nuclear Accident,2700000.0,0.6666666666666666,63,8,Statement with separator,False,False,False,False,False,False,True,False,True,False,False,False,False,False,False,False,False,True
niche,Storified,top,4_2BBjCJcvU,Sucked Into Massive Turbines - Plate Taille Dam Disaster,2000000.0,1.0,56,8,Statement with separator,False,False,False,False,False,False,False,False,True,False,False,False,False,False,True,False,True,False
niche,Storified,top,0QXvhtPaKoY,They Kept Driving Off the Bridge - Sunshine Skyway Disaster,613000.0,0.3333333333333333,59,9,Statement with separator,False,False,False,False,False,False,False,False,True,False,False,False,False,False,True,False,True,False
niche,Storified,top,9A_VeQ2iTJw,This Wave Killed All 84 Men - Ocean Ranger Disaster,503000.0,2.0,51,9,Statement with separator,False,False,False,False,False,False,True,False,True,False,False,False,False,False,True,False,True,False
niche,Storified,weak,zVR8Dqmn5WQ,6 Hikers Died in 19 Minutes - The Footage Told a Different Story,20000.0,0.07692307692307693,64,12,Statement with separator,False,False,False,False,False,False,True,False,True,False,False,False,False,False,False,False,False,True
niche,Storified,weak,wsJIHQT50FI,Why Ground Control Sent Him to His Death - Soyuz 1 Disaster,39000.0,0.08333333333333333,59,11,Statement with separator,False,True,False,False,False,False,True,False,True,False,False,False,False,False,True,False,True,False
niche,Storified,weak,3xpffLqwv10,The Billion-Dollar Negligence 250 Feet Underwater,144000.0,1.0,49,7,Statement: The ...,False,False,False,False,False,True,True,False,False,False,False,False,False,False,False,False,True,False
niche,That Chernobyl Guy,top,BtF1a0AGMoc,Discovering Chernobyl's Elephant's Foot,2100000.0,0.6666666666666666,39,4,Statement: other,False,False,False,False,False,False,False,False,False,False,False,False,False,False,False,True,False,False
niche,That Chernobyl Guy,top,2zp8qsKe2Ig,We Were Wrong About Chernobyl's Elephant's Foot,2000000.0,0.5,47,7,Statement: other,False,False,False,False,False,False,False,False,False,False,False,False,False,False,False,False,True,False
niche,That Chernobyl Guy,top,PBy__ZIWG18,Would Not Pressing AZ-5 SAVE Chernobyl?,1200000.0,2.0,39,7,Q:Yes/no,True,False,False,False,True,False,True,False,False,True,False,False,False,False,False,True,False,False
niche,That Chernobyl Guy,top,a0RRR852oto,The Last Seconds of Chernobyl Reactor Four,1000000.0,0.3333333333333333,42,7,Statement: The ...,False,False,False,False,False,True,False,False,False,False,False,False,False,False,False,False,True,False
niche,That Chernobyl Guy,top,aL7-Z2k_kjs,The Firefighter Who Fell Onto Chernobyl Reactor Four,652000.0,0.5833333333333334,52,8,Statement: The ...,False,False,False,False,False,True,False,False,False,False,False,False,False,False,False,False,True,False
niche,That Chernobyl Guy,weak,xh3K1p7gK6I,How Chernobyl Experts Still Get It Wrong - Inadvertent Lying,15000.0,0.8333333333333334,60,9,Statement with separator,False,False,True,False,False,False,False,False,True,False,False,False,False,False,False,False,True,False
niche,That Chernobyl Guy,weak,-TFp_W2jd4A,The Chornobyl Drone Strike: The Untold Story,18000.0,0.4166666666666667,44,7,Statement with separator,False,False,False,False,False,True,False,True,True,False,False,False,False,True,False,False,True,False
niche,That Chernobyl Guy,weak,1bPIetiLrcQ,We Found Chernobyl's Forgotten Firefighter,23000.0,0.5,42,5,Statement: other,False,False,False,False,False,False,False,False,False,False,False,False,False,True,False,False,True,False
niche,USCSB,top,1zDcsjHyxr8,Blowout in Oklahoma,4300000.0,6.0,19,3,Statement: other,False,False,False,False,False,False,False,False,False,False,False,False,False,False,False,True,False,False
niche,USCSB,top,JplAKJrgyew,"Animation of 2015 Explosion at ExxonMobil Refinery in Torrance, CA",4099999.9999999995,9.0,66,10,Statement: other,False,False,False,False,False,False,True,False,False,False,False,False,False,False,True,False,False,True
niche,USCSB,top,6-3BFXpBcjc,The Danger of Popcorn Polymer: Incident at the TPC Group Chemical Plant,3700000.0,3.0,71,12,Statement with separator,False,False,False,False,False,True,False,True,True,True,False,False,False,False,False,False,False,True
niche,USCSB,top,ISNGimMXL7M,Fatal Exposure: Tragedy at DuPont,3300000.0,15.0,33,5,Statement with separator,False,False,False,False,False,False,False,True,True,False,False,False,False,False,True,True,False,False
niche,USCSB,top,goSEyGNfiPM,Updated BP Texas City Animation on the 15th Anniversary of the Explosion,2200000.0,6.0,72,12,Statement: other,False,False,False,False,False,False,True,False,False,False,False,False,False,False,True,False,False,True
niche,USCSB,top,FCVCOWejlag,Deepwater Horizon Blowout Animation,1900000.0,12.0,35,4,Statement: other,False,False,False,False,False,False,False,False,False,False,False,False,False,False,False,True,False,False
niche,USCSB,weak,U5WpydzmTA8,Surveillance Footage - Nippon Dynawave G Tank Failure,113000.0,0.08333333333333333,53,7,Statement with separator,False,False,False,False,False,False,False,False,True,False,False,False,False,False,True,False,True,False
niche,USCSB,weak,2z7h5BOZ2Hk,Safety Pays Off: The Value of Vigilance,162000.0,1.0,39,7,Statement with separator,False,False,False,False,False,False,False,True,True,False,False,False,False,False,False,True,False,False
niche,USCSB,weak,OU0dIK5EJYI,CSB Interim Animation of Husky Refinery Explosion and Fire,175000.0,8.0,58,9,Statement: other,False,False,False,False,False,False,False,False,False,True,False,False,False,False,True,False,True,False
niche,Andy R Animations,top,uCObwsXbSeU,Apollo 13: What Went Wrong,1700000.0,1.0,26,5,Statement with separator,False,False,False,False,False,False,True,True,True,False,False,False,False,False,False,True,False,False
niche,Andy R Animations,top,TFRWj2Kcsbc,The Challenger Disaster: What Went Wrong,326000.0,0.3333333333333333,40,6,Statement with separator,False,False,False,False,False,True,False,True,True,False,False,False,False,False,True,True,False,False
niche,Andy R Animations,top,knoehu5-Ark,The Columbia Disaster: What Went Wrong,172000.0,0.08333333333333333,38,6,Statement with separator,False,False,False,False,False,True,False,True,True,False,False,False,False,False,True,True,False,False
niche,Oceanliner Designs,top,mTRy4qq8SYI,The Sinking of Britannic - Titanic's Forgotten Sister Ship,5100000.0,2.0,58,8,Statement with separator,False,False,False,False,False,True,False,False,True,False,False,False,False,True,True,False,True,False
niche,Oceanliner Designs,top,xG_Xq9tNcLk,Lusitania Sinks in REAL TIME | 18 Minutes of Terror,4800000.0,2.0,51,9,Statement with separator,False,False,False,False,False,False,True,False,True,True,False,False,False,True,True,False,True,False
niche,Oceanliner Designs,top,SPUFSJsyoFM,Final Plunge: Titanic's HORRIFYING Last 5 Minutes,3700000.0,3.0,49,7,Statement with separator,False,False,False,False,False,False,True,True,True,True,False,False,False,True,False,False,True,False
niche,Oceanliner Designs,top,-9ZLZ8hiA5Y,Horrific Tragedy: The Sinking of RMS Empress of Ireland,3000000.0,3.0,55,9,Statement with separator,False,False,False,False,False,False,False,True,True,False,False,False,False,True,True,False,True,False
niche,Oceanliner Designs,top,PBtZ3jONaTk,5 Ship Launches That Went Wrong,2600000.0,2.0,31,6,Statement: other,False,False,False,False,False,False,True,False,False,False,False,False,False,False,False,True,False,False
niche,Oceanliner Designs,weak,xJDIN0ftZx4,GUSTLOFF: Teaser Trailer | Oceanliner Designs,36000.0,0.5,45,5,Statement with separator,False,False,False,False,False,False,False,True,True,True,False,False,False,False,False,False,True,False
niche,Oceanliner Designs,weak,H2-e0AsVIco,The Full Story of the MS Stockholm,118000.0,0.08333333333333333,34,7,Statement: The ...,False,False,False,False,False,True,False,False,False,False,False,False,False,False,False,True,False,False
niche,Oceanliner Designs,weak,lpwCNIHlVGU,The Engineering Miracle of SS Suevic,141000.0,0.25,36,6,Statement: The ...,False,False,False,False,False,True,False,False,False,False,False,False,False,False,False,True,False,False
niche,Mayday: Air Disaster,top,9wnja3h70DM,Air Canada 143 Becomes Powerless And Falls From The Sky | Boeing 767 | Mayday: Air Disaster,6900000.0,3.0,91,15,Statement with separator,False,False,False,False,False,False,True,True,True,False,False,False,False,False,True,False,False,True
niche,Mayday: Air Disaster,top,oRM8KtuCrtQ,The Impossible That Happened To British Airways 009 | Falling From The Sky | Mayday: Air Disaster,6000000.0,3.0,97,15,Statement with separator,False,False,False,False,False,True,True,True,True,False,False,False,False,False,True,False,False,True
niche,Mayday: Air Disaster,top,7xfaDr0nhoQ,The Captain That Got Stuck Outside Of The Plane! | Blow Out | FULL EPISODE | Mayday: Air Disaster,6000000.0,5.0,97,16,Statement with separator,False,False,False,False,False,True,False,True,True,True,True,False,False,False,True,False,False,True
niche,Mayday: Air Disaster,top,5SCgxqTqZvI,A DEADLY PLAN That Resulted In An Ocean Crash | November Disasters | Mayday: Air Disaster,7200000.0,3.0,89,14,Statement with separator,False,False,False,False,False,False,False,True,True,True,False,False,False,True,True,False,False,True
niche,Mayday: Air Disaster,top,Lw4uhb8dFs4,The Engine Explosion That Changed Aviation Forever | Mayday: Air Disaster,4500000.0,1.0,73,10,Statement with separator,False,False,False,False,False,True,False,True,True,False,False,False,False,False,True,False,False,True
niche,Mayday: Air Disaster,weak,oMCtMAQJeS8,United 811 Cargo Door Blew Out at 23000 Feet | Mayday: Air Disaster,17000.0,0.08333333333333333,67,12,Statement with separator,False,False,False,False,False,False,True,True,True,False,False,False,False,False,True,False,False,True
niche,Mayday: Air Disaster,weak,WU8Y4kEnl6c,Swissair 111 The Fire Nobody Could See,42000.0,0.08333333333333333,38,7,Statement: other,False,False,False,False,False,False,True,False,False,False,False,False,False,False,True,True,False,False
niche,Mayday: Air Disaster,weak,hNEyIToVPLY,Flight 1420 Racing the Storm to Little Rock | Mayday: Air Disaster,46000.0,0.08333333333333333,66,11,Statement with separator,False,False,False,False,False,False,True,True,True,False,False,False,False,False,True,False,False,True
niche,Kyle Hill,top,hIWu8rbWLGo,The Elephant's Foot - Corpse of Chernobyl,19000000.0,5.0,41,6,Statement with separator,False,False,False,False,False,True,False,False,True,False,False,False,False,False,False,False,True,False
niche,Kyle Hill,top,aFlromB6SnU,Demon Core - The True Story,19000000.0,5.0,27,5,Statement with separator,False,False,False,False,False,False,False,False,True,False,False,False,False,False,False,True,False,False
niche,Kyle Hill,top,ew064gt2thY,"Castle Bravo Disaster - A ""Second Hiroshima""",7500000.0,5.0,44,6,Statement with separator,False,False,False,False,False,False,False,False,True,False,False,False,False,False,True,False,True,False
niche,Kyle Hill,top,Ap0orGCiou8,History's Worst Software Error,7000000.0,4.0,30,4,Statement: other,False,False,False,False,False,False,False,False,False,False,False,False,False,True,False,True,False,False
niche,Kyle Hill,top,uJ8cYheR5xo,SL-1: America's First Nuclear Disaster,5900000.0,5.0,38,6,Statement with separator,False,False,False,False,False,False,True,True,True,False,False,False,False,False,True,True,False,False
niche,Kyle Hill,top,4UHZugCNKA4,The Fukushima Nuclear Disaster - Epidemic of Ghosts,6700000.0,5.0,51,7,Statement with separator,False,False,False,False,False,True,False,False,True,False,False,False,False,False,True,False,True,False
niche,Kyle Hill,weak,dBK35Sbz8vM,Inside America’s Unprecedented Nuclear Plan,215000.0,0.08333333333333333,43,5,Statement: other,False,False,False,False,False,False,False,False,False,False,False,False,False,False,False,False,True,False
niche,Kyle Hill,weak,1EeOSuYR-DE,What If Nuclear Waste Hit the Sun?,256000.0,0.08333333333333333,34,7,Q:What,True,False,False,True,False,False,False,False,False,False,False,False,False,False,False,True,False,False
niche,Kyle Hill,weak,EDRZLpD5mkE,Fallout TV Has a Fusion Problem,160000.0,0.5833333333333334,31,6,Statement: other,False,False,False,False,False,False,False,False,False,False,False,False,False,False,False,True,False,False
niche,Two Bit da Vinci,top,TKLamhyJ6bE,Oceangate Submarine Disaster - What REALLY Happened,15000000.0,3.0,51,6,Statement with separator,False,False,False,False,False,False,False,False,True,True,False,False,True,False,True,False,True,False
niche,Two Bit da Vinci,top,8BXHu_yXVQk,The EPIC Failure of Vertical Farms - What Happened?,1800000.0,2.0,51,8,Q:other,True,False,False,False,False,True,False,False,True,True,False,False,False,False,True,False,True,False
niche,Two Bit da Vinci,top,nnV6178iVW0,DC Plane Crash - What REALLY Happened?,1700000.0,1.0,38,6,Q:other,True,False,False,False,False,False,False,False,True,True,False,False,True,False,True,True,False,False
niche,Two Bit da Vinci,top,_5Mud1ubq20,What’s Hiding Beneath China’s Deepest Hole?,2100000.0,3.0,43,6,Q:other,True,False,False,False,False,False,False,False,False,False,False,False,False,False,False,False,True,False
niche,Two Bit da Vinci,weak,VxbCvc_nHco,Why Can’t Every Country Do This?,58000.0,0.5833333333333334,32,6,Q:Why,True,True,False,False,False,False,False,False,False,False,False,False,False,False,False,True,False,False
niche,Two Bit da Vinci,weak,gU5C4el2-nU,The Truth About AI Data-center Energy & Water Use,97000.0,0.03287671232876712,49,9,Statement: The ...,False,False,False,False,False,True,False,False,False,False,False,False,True,False,False,False,True,False
niche,Two Bit da Vinci,weak,MQaPnQJ1IcA,The Oil Crisis is WAY WORSE Than You Think...,112000.0,0.4166666666666667,45,9,Statement: The ...,False,False,False,False,False,True,False,False,False,True,False,True,False,False,False,False,True,False
niche,The Infographics Show,top,3E17wr77ffM,What If North Korea Launched a Nuclear Bomb (Minute by Minute),13000000.0,4.0,62,11,Statement: other,False,False,False,True,False,False,False,False,False,False,False,False,False,False,False,False,False,True
niche,The Infographics Show,top,cykdSb7xqI4,I Was Trapped Underwater For 3 Days,13000000.0,7.0,35,7,Statement: other,False,False,False,False,False,False,True,False,False,False,False,False,False,False,False,True,False,False
niche,The Infographics Show,weak,IoqzGz7DbgM,Worst Caving Decision Ever Made & Other Terrifying Disasters,146000.0,0.057692307692307696,60,8,Statement: other,False,False,False,False,False,False,False,False,False,False,False,False,False,True,False,False,True,False
niche,The Infographics Show,weak,f3c1cYw_dsI,The True Story of Hitler's Jewish Soldiers,245000.0,0.057692307692307696,42,7,Statement: The ...,False,False,False,False,False,True,False,False,False,False,False,False,False,False,False,False,True,False
niche,The Infographics Show,weak,hL5NHqK1JQg,What the End of the Universe Will Look Like According to Scientists,265000.0,0.038461538461538464,67,12,Statement: other,False,False,False,True,False,False,False,False,False,False,False,False,False,False,False,False,False,True
niche,Scott Manley,top,CxBtZmyPzVA,Wreckage Of Titan Submersible Reveal How It Imploded,5800000.0,2.0,52,8,Statement: other,False,False,False,False,False,False,False,False,False,False,False,False,False,False,False,False,True,False
niche,Scott Manley,top,q3d3rzFTrLg,Why Chernobyl Exploded - The Real Physics Behind The Reactor,4900000.0,7.0,60,9,Statement with separator,False,True,False,False,False,False,False,False,True,False,False,False,False,False,True,False,True,False
niche,Scott Manley,top,59WQIRvezzI,Analyzing Video Footage Of Collapse of Massive Arecibo Telescope,2800000.0,5.0,64,9,Statement: other,False,False,False,False,False,False,False,False,False,False,False,False,False,False,True,False,False,True
niche,Scott Manley,top,w8q24QLXixo,SpaceX's Massive Rocket Explodes Due to Rapid Unscheduled Digging,3100000.0,3.0,65,9,Statement: other,False,False,False,False,False,False,False,False,False,False,False,False,False,False,True,False,False,True
niche,Scott Manley,top,aaR6yEE-Myo,Blue Origin's Rocket Explosion - How Bad Is It?,2500000.0,0.3333333333333333,47,8,Q:other,True,False,False,False,False,False,False,False,True,False,False,False,False,False,True,False,True,False
niche,Scott Manley,weak,y55_Pqp9tPY,Why Lightning Loves Rockets,84000.0,0.16666666666666666,27,4,Statement: other,False,True,False,False,False,False,False,False,False,False,False,False,False,False,False,True,False,False
niche,Scott Manley,weak,MZHSJbGFADw,Comparing the Biggest Explosions - Conventional vs Nuclear vs Accidents,163000.0,0.16666666666666666,71,9,Statement with separator,False,False,False,False,False,False,False,False,True,False,False,False,False,False,False,False,False,True
niche,Scott Manley,weak,4Q4Jsy0LGeE,When Pilots Used Sounds To Guide Planes,96000.0,0.08333333333333333,39,7,Statement: other,False,False,False,False,False,False,False,False,False,False,False,False,False,False,False,True,False,False
niche,Adam Something,top,6E_FwOz_RtM,Pangeos Terayacht: An $8 Billion Engineering Disaster,3300000.0,2.0,53,7,Statement with separator,False,False,False,False,False,False,True,True,True,False,False,False,False,False,True,False,True,False
niche,Adam Something,top,w__a8EcM2jI,The Tesla Semi Is An Engineering Failure,3500000.0,5.0,40,7,Statement: The ...,False,False,False,False,False,True,False,False,False,False,False,False,False,False,True,True,False,False
niche,Adam Something,top,R6RaoGHZC3A,Elon Musk's Dugout Loop - The Disaster That Almost Happened,3100000.0,5.0,59,9,Statement with separator,False,False,False,False,False,False,False,False,True,False,False,False,False,False,True,False,True,False
niche,Adam Something,top,dNzjk-kiUmQ,The HyperPort Is Dumb And Will Most Likely Explode,3100000.0,5.0,50,9,Statement: The ...,False,False,False,False,False,True,False,False,False,False,False,False,False,False,True,False,True,False
niche,Adam Something,top,lFloLGmPKl0,Tesla Cybertruck: A Tragedy On Four Wheels,4300000.0,2.0,42,7,Statement with separator,False,False,False,False,False,False,False,True,True,False,False,False,False,False,True,False,True,False
niche,Adam Something,weak,O0zPArN1s2g,The Urbanism of Half-Life's City 17,221000.0,1.0,35,7,Statement: The ...,False,False,False,False,False,True,True,False,False,False,False,False,False,False,False,True,False,False
niche,Adam Something,weak,c0n4biRV3no,Why a Moon Colony is a Dangerous and Stupid Idea,415000.0,0.3333333333333333,48,10,Statement: other,False,True,False,False,False,False,False,False,False,False,False,False,False,False,False,False,True,False
niche,Adam Something,weak,VOoWtzli36o,Swiss Trains Go FASTER... by Going SLOWER?!,272000.0,0.8333333333333334,43,7,Q:other,True,False,False,False,False,False,False,False,False,True,True,False,False,False,False,False,True,False
niche,The Efficient Engineer,top,XLzTB4KLCxU,The Incredible Strength of Bolted Joints,4400000.0,3.0,40,6,Statement: The ...,False,False,False,False,False,True,False,False,False,False,False,False,False,False,False,True,False,False
niche,The Efficient Engineer,top,xkbQnBAOFEg,"Understanding Failure Theories (Tresca, von Mises etc...)",2700000.0,6.0,57,7,Statement: other,False,False,False,False,False,False,False,False,False,False,False,False,False,False,True,False,True,False
niche,The Efficient Engineer,top,Hn_iozUo9m4,Understanding and Analysing Trusses,3900000.0,6.0,35,4,Statement: other,False,False,False,False,False,False,False,False,False,False,False,False,False,False,False,True,False,False
niche,The Efficient Engineer,weak,xKxHQ19sxkk,The Explosion that Changed the Pipeline Industry,64000.0,0.16666666666666666,48,7,Statement: The ...,False,False,False,False,False,True,False,False,False,False,False,False,False,False,True,False,True,False
niche,The Efficient Engineer,weak,p_0duihxmW4,The Problem with Welding,366000.0,0.3333333333333333,24,4,Statement: The ...,False,False,False,False,False,True,False,False,False,False,False,False,False,False,False,True,False,False
niche,The Efficient Engineer,weak,bycVtx07f0w,The Surprising Science of Plastics,227000.0,1.0,34,5,Statement: The ...,False,False,False,False,False,True,False,False,False,False,False,False,False,False,False,True,False,False
niche,Tom Scott,top,Ef93WmlEho0,Why California's musical road sounds terrible,28000000.0,8.0,45,6,Statement: other,False,True,False,False,False,False,False,False,False,False,False,False,False,False,False,False,True,False
niche,Tom Scott,top,t3oLeSPINOk,Why the US Army electrifies this water,20000000.0,4.0,38,7,Statement: other,False,True,False,False,False,False,False,False,False,False,False,False,False,False,False,True,False,False
niche,Tom Scott,top,BxV14h0kFs0,"This Video Has 77,168,158 Views",77000000.0,6.0,31,7,Statement: other,False,False,False,False,False,False,True,False,False,False,False,False,False,False,False,True,False,False
niche,Tom Scott,top,8eXj97stbG8,Two Drums and a Cymbal Fall off a Cliff,14000000.0,17.0,39,9,Statement: other,False,False,False,False,False,False,False,False,False,False,False,False,False,False,False,True,False,False
niche,Tom Scott,weak,hCZwH5CSlEY,I got hit in the teeth at England's oldest ritual,467000.0,0.25,49,10,Statement: other,False,False,False,False,False,False,False,False,False,False,False,False,False,False,False,False,True,False
niche,Tom Scott,weak,WGia1R3xacM,"If I get this wrong, 50,000 people will hear it.",630000.0,0.16666666666666666,48,11,Statement: other,False,False,False,False,False,False,True,False,False,False,False,False,False,False,False,False,True,False
niche,Tom Scott,weak,EU-rZuJxdbw,This 100-year-old ride must never change again.,845000.0,0.08333333333333333,47,9,Statement: other,False,False,False,False,False,False,True,False,False,False,False,False,False,False,False,False,True,False
niche,Overengineered,top,Eg0djVfKXU8,The 400 km Wall Japan Built to Stop the Sea,4200000.0,0.08333333333333333,43,10,Statement: The ...,False,False,False,False,False,True,True,False,False,False,False,False,False,False,False,False,True,False
niche,Overengineered,top,huP0Yr2PlZ0,Nepal Flood Explained: How a Glacier Became a Wall of Water,221000.0,0.057692307692307696,59,11,Statement with separator,False,False,False,False,False,False,False,True,True,False,False,False,False,False,True,False,True,False
niche,Overengineered,top,oHSqe6onipQ,How Egypt Is Digging a 310 km River Into the Sahara Desert,256000.0,0.038461538461538464,58,12,Statement: other,False,False,True,False,False,False,True,False,False,False,False,False,False,False,False,False,True,False
niche,Overengineered,weak,0T_KCWIKSbM,The Water Project That Made a Country Rich Without Selling Oil | 4K Documentary,84000.0,0.08333333333333333,79,13,Statement with separator,False,False,False,False,False,True,True,False,True,False,False,False,False,False,False,False,False,True
niche,Overengineered,weak,06cEGdhL-iA,How South Korea Built a 33 km Wall to Steal Land From the Sea,126000.0,0.0273972602739726,61,14,Statement: other,False,False,True,False,False,False,True,False,False,False,False,False,False,False,False,False,False,True
niche,Beyond Sky,top,Scc1nRqhPo0,Why Airlines Are REJECTING Boeing’s Brand-New 777X,1700000.0,0.01643835616438356,50,8,Statement: other,False,True,False,False,False,False,True,False,False,True,False,False,False,False,False,False,True,False
niche,Beyond Sky,top,4UM9ZJx6fLI,777X: The “Simple Upgrade” That Became Boeing’s WORST Nightmare,1200000.0,0.5833333333333334,63,9,Statement with separator,False,False,False,False,False,False,True,True,True,True,False,False,False,True,False,False,False,True
niche,Beyond Sky,top,JeVIb9K6a5U,The Real Reason Why China’s Airbus A320 Clone Failed,1600000.0,1.0,52,9,Statement: The ...,False,False,False,False,False,True,True,False,False,False,False,False,True,False,True,False,True,False
niche,Beyond Sky,top,P39R_-viulw,How Qatar Airways Tried to Outsmart Airbus - But FAILED Miserably,714000.0,0.75,65,10,Statement with separator,False,False,True,False,False,False,False,False,True,True,False,False,False,False,True,False,False,True
niche,Beyond Sky,weak,4NmiuAbyTNw,"The Airbus A320 Failure That Grounded 6,000 Planes Overnight",11000.0,0.75,60,10,Statement: The ...,False,False,False,False,False,True,True,False,False,False,False,False,False,False,True,False,True,False
niche,Beyond Sky,weak,9X1YbOu0rVs,Boeing Knew 747-8 Would FAIL - But They Built It Anyway,18000.0,0.8333333333333334,55,11,Statement with separator,False,False,False,False,False,False,True,False,True,True,False,False,False,False,False,False,True,False
niche,Beyond Sky,weak,c3GbAi4Vq5g,Real Reason Why FedEx Installed Anti-Missile Systems on its Airplanes,16000.0,0.8333333333333334,69,11,Statement: other,False,False,False,False,False,False,False,False,False,False,False,False,True,False,False,False,False,True
niche,Forgotten Disasters,top,xa4d7sXaDgc,The Tragic Story of the Bath School Disaster of 1927,178000.0,0.3333333333333333,52,10,Statement: The ...,False,False,False,False,False,True,True,False,False,False,False,False,False,False,True,False,True,False
niche,Forgotten Disasters,top,W6dhIXNctAc,(1974) The Flixborough Disaster: The Deadliest Engineering Mistake Ever | Documentary,69000.0,0.4166666666666667,85,10,Statement with separator,False,False,False,False,False,False,True,True,True,False,False,False,False,False,True,False,False,True
niche,Forgotten Disasters,top,0D8JbERXIvU,(1977) The Beverly Hills Supper Club Fire: America’s Deadliest Nightclub Disaster | Documentary,67000.0,0.4166666666666667,95,12,Statement with separator,False,False,False,False,False,False,True,True,True,False,False,False,False,False,True,False,False,True
niche,Forgotten Disasters,top,-bK0e6Bxk30,The Tragic Story of Boston’s Deadly Molasses Disaster: The Great Molasses Flood of 1919,43000.0,0.4166666666666667,87,14,Statement with separator,False,False,False,False,False,True,True,True,True,False,False,False,False,True,True,False,False,True
niche,Forgotten Disasters,weak,DolF0QU074w,The Tragic Story of The Who Concert Crush of 1979,363.0,0.057692307692307696,49,10,Statement: The ...,False,False,False,False,False,True,True,False,False,False,False,False,False,False,False,False,True,False
niche,Forgotten Disasters,weak,fcLBsXRr5aA,"How Did 4,000 People Die in the 1952 Great Smog of London?",485.0,0.038461538461538464,58,13,Q:How,True,False,True,False,False,False,True,False,False,False,False,False,False,False,False,False,True,False
niche,Forgotten Disasters,weak,Oi3wfVfuyAE,(1940) Tacoma Narrows Bridge Collapse: The Engineering Disaster That Shocked America | Documentary,1200.0,0.03287671232876712,98,12,Statement with separator,False,False,False,False,False,False,True,True,True,False,False,False,False,False,True,False,False,True
niche,Iron and Memory,top,HN2svHJpRRg,The Spinning Giants: Flywheels That Stored Dangerous Power,668000.0,0.6666666666666666,58,8,Statement with separator,False,False,False,False,False,True,False,True,True,False,False,False,False,False,False,False,True,False
niche,Iron and Memory,top,7k0ZUH-cbDo,Why Blast Furnaces Were Insane: A Real Life Monster Story,143000.0,0.6666666666666666,57,10,Statement with separator,False,True,False,False,False,False,False,True,True,False,False,False,False,True,True,False,True,False
niche,Iron and Memory,top,At_NrS7i6nw,The Enormous Hydraulic Presses That Had Grown Men Praying to Make it Home,132000.0,0.5833333333333334,73,13,Statement: The ...,False,False,False,False,False,True,False,False,False,False,False,False,False,False,False,False,False,True
niche,Iron and Memory,top,eNB75X5vCps,Why Being a Boiler Operator Was a Guaranteed Death Sentence | Disaster Documentary,83000.0,0.8333333333333334,82,12,Statement with separator,False,True,False,False,False,False,False,False,True,False,False,False,False,False,True,False,False,True
niche,Iron and Memory,weak,kkJnN0NVTM4,Why Being a Tunnel Digger Was a Guaranteed Death Sentence | Disaster Documentary,611.0,0.8333333333333334,80,12,Statement with separator,False,True,False,False,False,False,False,False,True,False,False,False,False,False,True,False,False,True
niche,Iron and Memory,weak,Uz6ovkdqvPE,Hundreds of Vanderbilt’s Workers Faced Unseen Dangers—and Never Lived to Tell It,981.0,0.75,80,13,Statement: other,False,False,False,False,False,False,False,False,False,False,False,False,False,False,False,False,False,True
niche,Iron and Memory,weak,wUOAY91p37c,The Hidden Dangers Inside Ford’s First Factories,1400.0,0.75,48,7,Statement: The ...,False,False,False,False,False,True,False,False,False,False,False,False,False,True,False,False,True,False
niche,Dennis Farley,top,PU4z-1l_Bu0,"China Built a Dam That Killed 170,000 People, Then Hid It for 30 Years",143000.0,0.057692307692307696,70,15,Statement: other,False,False,False,False,False,False,True,False,False,False,False,False,False,False,False,False,False,True
niche,Dennis Farley,top,hfRtmYqdLjM,Everyone's Watching the Wrong Three Gorges Dam Disaster...,128000.0,0.038461538461538464,58,8,Statement: other,False,False,False,False,False,False,False,False,False,False,False,False,False,False,True,False,True,False
niche,Dennis Farley,top,cJcby7rD33g,The Bridge of Death: How China's Mega Bridge Was Built on Lies,17000.0,0.038461538461538464,62,12,Statement with separator,False,False,False,False,False,True,False,True,True,False,False,False,False,False,False,False,False,True
niche,Dennis Farley,weak,RarA7QhGOIM,"China Built a Wall That Killed 400,000 People, Then Sold Tickets to Walk on Their Graves",281.0,0.03287671232876712,88,17,Statement: other,False,False,False,False,False,False,True,False,False,False,False,False,False,False,False,False,False,True
niche,Dennis Farley,weak,7R6iu8qC64Q,Ethiopia Built a $5BN Dam That Could Starve Egypt (and They Can't Stop It),545.0,0.030136986301369864,74,14,Statement: other,False,False,False,False,False,False,True,False,False,False,False,False,False,False,False,False,False,True
niche,Dennis Farley,weak,tf6qN9SeRu8,Nepal's Deadliest Flood Already Happened Once. Nobody Listened,712.0,0.038461538461538464,62,8,Statement: other,False,False,False,False,False,False,False,False,False,False,False,False,False,False,True,False,False,True
niche,Casey Jones - Professional Engineer,top,Gz7Kb7v9bzs,3 Gorges Dam with InSAR Satellite Data,1300000.0,1.0,38,7,Statement: other,False,False,False,False,False,False,True,False,False,False,False,False,False,False,False,True,False,False
niche,Casey Jones - Professional Engineer,top,OFLv9aXJPV0,China Bridge Collapse -  November 2025,546000.0,0.8333333333333334,38,5,Statement with separator,False,False,False,False,False,False,True,False,True,False,False,False,False,False,True,True,False,False
niche,Casey Jones - Professional Engineer,top,hdZJ5XJni_k,Partial Bridge Collapse in Maine!,307000.0,0.08333333333333333,33,5,Statement: other,False,False,False,False,False,False,False,False,False,False,True,False,False,False,True,True,False,False
niche,Casey Jones - Professional Engineer,weak,IibZx2OtbyE,Philippine Earthquake - What Can We Learn?,10000.0,0.25,42,6,Q:other,True,False,False,False,False,False,False,False,True,False,False,False,False,False,False,False,True,False
niche,Casey Jones - Professional Engineer,weak,3gDllts2Y0o,Washington Bridge Drilled Shaft Construction and Testing,22000.0,0.25,56,7,Statement: other,False,False,False,False,False,False,False,False,False,False,False,False,False,False,False,False,True,False
niche,donoteat01,top,Hw2t0MOGnVc,Well There's Your Problem | Episode 4: Hyatt Regency Walkway Collapse,175000.0,6.0,69,10,Statement with separator,False,False,False,False,False,False,True,True,True,False,False,True,False,False,True,False,False,True
niche,donoteat01,top,g9SETplgPYc,Well There's Your Problem | Episode 2: Sampoong Department Store,173000.0,6.0,64,9,Statement with separator,False,False,False,False,False,False,True,True,True,False,False,True,False,False,False,False,False,True
niche,donoteat01,top,1TOS68qWHhw,Untitled Engineering Disaster Podcast-like content Episode 1: The Silver Bridge Disaster,172000.0,7.0,88,12,Statement with separator,False,False,False,False,False,False,True,True,True,False,False,False,False,False,True,False,False,True
niche,donoteat01,top,BkWxbAoOK2o,Well There's Your Problem | Episode 3: SEPTA Regional Rail Meltdown 1979-1992,186000.0,6.0,77,12,Statement with separator,False,False,False,False,False,False,True,True,True,True,False,True,False,False,True,False,False,True
niche,jeffostroff,top,PEPyE2h6P4k,"Here's Cause Of Miami Condo Collapse Champlain Condo Towers, Surfside",5200000.0,5.0,69,10,Statement: other,False,False,False,False,False,False,False,False,False,False,False,False,False,False,True,False,False,True
niche,jeffostroff,top,cFQGJKsN-Pg,OceanGate Titan Sub Debris Video Shows How It Imploded,5900000.0,2.0,54,9,Statement: other,False,False,False,False,False,False,False,False,False,False,False,False,False,False,False,False,True,False
niche,jeffostroff,top,-lkOiGSvKn0,"What Caused UPS Plane Crash, Louisville, KY? How MD-11 Engine Fell Off",4099999.9999999995,0.8333333333333334,70,13,Q:What,True,False,False,True,False,False,True,False,False,True,False,False,False,False,True,False,False,True
niche,jeffostroff,top,SbDJjgN7Xbo,"What Caused Air India 171 Crash, Mysterious Sound Before Impact",10000000.0,1.0,63,10,Statement: other,False,False,False,True,False,False,True,False,False,False,False,False,False,False,True,False,False,True
niche,jeffostroff,weak,NNXbPgVZ-ps,Freezer Frosting Up? 3 Quick Fixes (Save $300),9000.0,0.08333333333333333,46,8,Q:other,True,False,False,False,False,False,True,False,False,False,False,False,False,False,False,False,True,False
niche,Veritasium,top,uxPdPpi5W4o,"Why Are 96,000,000 Black Balls on This Reservoir?",112000000.0,7.0,49,10,Q:Why,True,True,False,False,False,False,True,False,False,False,False,False,False,False,False,False,True,False
niche,Veritasium,top,IV3dnLzthDA,The Man Who Accidentally Killed The Most People In History,43000000.0,4.0,58,10,Statement: The ...,False,False,False,False,False,True,False,False,False,False,False,False,False,False,False,False,True,False
niche,Veritasium,top,SC2eSujzrUY,How One Company Secretly Poisoned The Planet,36000000.0,1.0,44,7,Statement: other,False,False,True,False,False,False,False,False,False,False,False,False,False,False,False,False,True,False
niche,Veritasium,top,4Wrc4fHSCpw,These are the asteroids to worry about,81000000.0,5.0,38,7,Statement: other,False,False,False,False,False,False,False,False,False,False,False,False,False,False,False,True,False,False
niche,Veritasium,weak,mvcesPWvUIc,We've Been Using The Wrong Science In Court For 50 years,2600000.0,0.25,56,11,Statement: other,False,False,False,False,False,False,True,False,False,False,False,False,False,False,False,False,True,False
niche,Veritasium,weak,J1WoNuemKOg,We sent a camera to space to film the solar eclipse,2700000.0,0.08333333333333333,51,11,Statement: other,False,False,False,False,False,False,False,False,False,False,False,False,False,False,False,False,True,False
niche,Vox,top,a_wuykzfFzE,This plane could cross the Atlantic in 3.5 hours. Why did it fail?,17000000.0,10.0,66,14,Q:other,True,False,False,False,False,False,True,False,False,False,False,False,False,False,False,False,False,True
niche,Vox,top,kIID5FDi2JQ,Why all world maps are wrong,23000000.0,9.0,28,6,Statement: other,False,True,False,False,False,False,False,False,False,False,False,False,False,False,False,True,False,False
niche,Vox,top,hLrFyjGZ9NU,Inside Hong Kong’s cage homes,27000000.0,8.0,29,5,Statement: other,False,False,False,False,False,False,False,False,False,False,False,False,False,False,False,True,False,False
niche,Vox,weak,e_O2pPtFKh0,Home Budgeting with Bobby Berk [Partner content from @progressive],16000.0,0.08333333333333333,66,9,Statement: other,False,False,False,False,False,False,False,False,False,False,False,False,False,False,False,False,False,True
niche,Vox,weak,pfIb9phu2VM,"A MAGA influencer tests the GOP midterm message. Is it working? | America, Actually",34000.0,0.08333333333333333,83,13,Q:other,True,False,False,False,False,False,False,False,True,True,False,False,True,False,False,False,False,True
niche,Wendover Productions,top,c0pS3Zx7Fc8,Cities at Sea: How Aircraft Carriers Work,14000000.0,7.0,41,7,Statement with separator,False,False,False,False,False,False,False,True,True,False,False,False,False,False,False,False,True,False
niche,Wendover Productions,top,gdy0gBVWAzE,Living Underwater: How Submarines Work,11000000.0,7.0,38,5,Statement with separator,False,False,False,False,False,False,False,True,True,False,False,False,False,False,False,True,False,False
niche,Wendover Productions,top,b4wRdoWpw0w,The Failed Logistics of Russia's Invasion of Ukraine,10000000.0,4.0,52,8,Statement: The ...,False,False,False,False,False,True,False,False,False,False,False,False,False,False,True,False,True,False
niche,Wendover Productions,top,5-QejUTDCWw,The World's Most Useful Airport [Documentary],9900000.0,6.0,45,6,Statement: The ...,False,False,False,False,False,True,False,False,False,False,False,False,False,False,False,False,True,False
niche,Wendover Productions,weak,LU58bHm7GlE,One Piece of News From Every Country in the World (Pt 2),261000.0,0.6666666666666666,56,12,Statement: other,False,False,False,False,False,False,True,False,False,False,False,False,False,False,False,False,True,False
niche,Wendover Productions,weak,8JqxcibEnjg,How the US' Only District Works,497000.0,1.0,31,6,Statement: other,False,False,True,False,False,False,False,False,False,False,False,False,False,False,False,True,False,False
niche,PolyMatter,top,ZY1BFv8qEeM,How Cruise Ships Work,5100000.0,8.0,21,4,Statement: other,False,False,True,False,False,False,False,False,False,False,False,False,False,False,False,True,False,False
niche,PolyMatter,top,5Wq0yv73NpY,Zimbabwe’s Currency Crisis: the worthless $100 trillion bill,7600000.0,6.0,60,8,Statement with separator,False,False,False,False,False,False,True,True,True,False,False,False,False,False,False,False,True,False
niche,PolyMatter,top,f5SE47Xjx2Q,Why 50 Million Chinese Homes are Empty,4500000.0,7.0,38,7,Statement: other,False,True,False,False,False,False,True,False,False,False,False,False,False,False,False,True,False,False
niche,PolyMatter,top,mviTS_cIWXg,Why Bing Isn't a Failure (& the Future of the Internet),4700000.0,8.0,55,10,Statement: other,False,True,False,False,False,False,False,False,False,False,False,False,False,False,True,False,True,False
niche,PolyMatter,weak,Y2v6rAK6pZs,Can Switzerland Stay Neutral?,112000.0,0.3333333333333333,29,4,Q:Yes/no,True,False,False,False,True,False,False,False,False,False,False,False,False,False,False,True,False,False
niche,PolyMatter,weak,GpflQtqkQZ0,Are America’s Students Falling Behind?,123000.0,0.6666666666666666,38,5,Q:Yes/no,True,False,False,False,True,False,False,False,False,False,False,False,False,False,False,True,False,False
niche,Half as Interesting,top,M16CGK1T9MM,Why Photos of the Eiffel Tower at Night are Illegal,12000000.0,8.0,51,10,Statement: other,False,True,False,False,False,False,False,False,False,False,False,False,False,False,False,False,True,False
niche,Half as Interesting,top,WQYsmZ6AJdY,The US Army’s Universal Camouflage: A Terrible Mistake,7400000.0,3.0,54,8,Statement with separator,False,False,False,False,False,True,False,True,True,False,False,False,False,False,False,False,True,False
niche,Half as Interesting,top,vh6zanS_epw,The Glitch That Kept Sending The FBI To A Tiny Kansas Farm,7400000.0,4.0,58,12,Statement: The ...,False,False,False,False,False,True,False,False,False,False,False,False,False,False,False,False,True,False
niche,Half as Interesting,top,NSeL5c65v-g,How a Manhole Cover Became the Fastest Manmade Object Ever,5400000.0,7.0,58,10,Statement: other,False,False,True,False,False,False,False,False,False,False,False,False,False,False,False,False,True,False
niche,Half as Interesting,weak,Cxx66orVd10,The Crazy-Fast Logistics of Flower Distribution,168000.0,0.5,47,7,Statement: The ...,False,False,False,False,False,True,False,False,False,False,False,False,False,True,False,False,True,False
niche,Half as Interesting,weak,OGjBA4kv89U,Why This NYC Skyscraper Has Been Half-Finished Since 2018,173000.0,0.25,57,10,Statement: other,False,True,False,False,False,False,True,False,False,False,False,False,False,False,False,False,True,False
niche,LEMMiNO,top,I2O7blSSzpI,Cicada 3301: An Internet Mystery,42000000.0,8.0,32,5,Statement with separator,False,False,False,False,False,False,True,True,True,False,False,False,False,True,False,True,False,False
niche,LEMMiNO,top,kd2KEHvK-q8,The Vanishing of Flight 370,29000000.0,7.0,27,5,Statement: The ...,False,False,False,False,False,True,True,False,False,False,False,False,False,False,False,True,False,False
niche,LEMMiNO,top,CbUjuwhQPKs,The Search For D. B. Cooper,24000000.0,6.0,27,6,Statement: The ...,False,False,False,False,False,True,False,False,False,False,False,False,False,False,False,True,False,False
niche,LEMMiNO,top,AgMcqNnqatw,The Legend of the Bermuda Triangle,10000000.0,9.0,34,6,Statement: The ...,False,False,False,False,False,True,False,False,False,False,False,False,False,False,False,True,False,False
niche,LEMMiNO,weak,uFI5WpK2sgg,Shouting at Stars: A History of Interstellar Messages,4600000.0,0.8333333333333334,53,8,Statement with separator,False,False,False,False,False,False,False,True,True,False,False,False,False,False,False,False,True,False
niche,Mustard,top,8AbtCE-sePc,What Happened To The Nautilus?,20000000.0,2.0,30,5,Q:What,True,False,False,True,False,False,False,False,False,False,False,False,False,False,False,True,False,False
niche,Mustard,top,pW0eZRoQ86g,What Happened To The Antarctic Snow Cruiser?,14000000.0,5.0,44,7,Q:What,True,False,False,True,False,False,False,False,False,False,False,False,False,False,False,False,True,False
niche,Mustard,top,Y91Zr480Tn4,Why You Never Got to Fly The American Concorde: The 2707 SST Story,13000000.0,8.0,66,13,Statement with separator,False,True,False,False,False,False,True,True,True,True,False,True,False,False,False,False,False,True
niche,Mustard,top,yVdH_dYlVB8,What Happened To Giant Ekranoplans?,11000000.0,6.0,35,5,Q:What,True,False,False,True,False,False,False,False,False,False,False,False,False,False,False,True,False,False
niche,Mustard,weak,GJ-4uWwQ5HA,Inflatable Airplanes Were A Bad Idea,2300000.0,5.0,36,6,Statement: other,False,False,False,False,False,False,False,False,False,False,False,False,False,False,False,True,False,False
niche,Mustard,weak,YCD1j4L7j3s,This Jet Changed Everything,2400000.0,0.25,27,4,Statement: other,False,False,False,False,False,False,False,False,False,False,False,False,False,False,False,True,False,False
niche,fern,top,PmtFtWVrxFE,The Kids Who Hacked The CIA,20000000.0,2.0,27,6,Statement: The ...,False,False,False,False,False,True,False,False,False,False,False,False,False,False,False,True,False,False
niche,fern,top,pc8V5wxAXGk,The Biggest Nuke in History,10000000.0,1.0,27,5,Statement: The ...,False,False,False,False,False,True,False,False,False,False,False,False,False,False,False,True,False,False
niche,fern,top,lZmmGg51TfU,The Genius Design of Narco Submarines,8199999.999999999,1.0,37,6,Statement: The ...,False,False,False,False,False,True,False,False,False,False,False,False,False,False,False,True,False,False
niche,fern,top,uI8oJYmCaz0,How One Man Survived Air India 171,2400000.0,0.4166666666666667,34,7,Statement: other,False,False,True,False,False,False,True,False,False,False,False,False,False,False,False,True,False,False
niche,fern,weak,xV82vkJ5Pjw,Why McDonald's Avoids 1.4 Billion People,2100000.0,0.16666666666666666,40,7,Statement: other,False,True,False,False,False,False,True,False,False,False,False,False,False,False,False,True,False,False
niche,fern,weak,9ABD2t4K2wQ,The World's Deadliest Child,2300000.0,0.4166666666666667,27,4,Statement: The ...,False,False,False,False,False,True,False,False,False,False,False,False,False,False,False,True,False,False
niche,Just Have a Think,top,-Ss_wHCS1Aw,Why don't we all just use Geothermal Energy?,1700000.0,6.0,44,8,Q:Why,True,True,False,False,False,False,False,False,False,False,False,False,False,False,False,False,True,False
niche,Just Have a Think,top,6Yz8nZbZPE8,Is the Gulf Stream collapsing?,1400000.0,6.0,30,5,Q:Yes/no,True,False,False,False,True,False,False,False,False,False,False,False,False,False,False,True,False,False
niche,Just Have a Think,top,m5wB2ur1S2w,New research : Doomsday Glacier ice shelf could 'give way any day now',1500000.0,0.16666666666666666,70,12,Statement with separator,False,False,False,False,False,False,False,True,True,False,False,False,False,False,False,False,False,True
niche,Just Have a Think,top,fU8C5t2Jl48,A global solar PV waste TSUNAMI is about to hit!,851000.0,4.0,48,10,Statement: other,False,False,False,False,False,False,False,False,False,True,True,False,False,False,False,False,True,False
niche,Just Have a Think,weak,FDI8A5cVv4I,New Research : Canada could remove 5X its annual emissions just by planting trees!,103000.0,0.4166666666666667,82,13,Statement with separator,False,False,False,False,False,False,True,True,True,False,True,False,False,False,False,False,False,True
niche,Just Have a Think,weak,4-phprAtA7Q,Old Coal Mines as Giant Batteries – Brilliant Idea or Engineering Nightmare?,134000.0,0.3333333333333333,76,11,Q:other,True,False,False,False,False,False,False,False,True,False,False,False,False,True,False,False,False,True
niche,Jared Owen,top,VJy17qZmhjE,What happened to the Hindenburg?,11000000.0,7.0,32,5,Q:What,True,False,False,True,False,False,False,False,False,False,False,False,False,False,False,True,False,False
niche,Jared Owen,top,HLrBUwNSEo0,What's inside the Titanic?,22000000.0,3.0,26,4,Q:other,True,False,False,False,False,False,False,False,False,False,False,False,False,False,False,True,False,False
niche,Jared Owen,top,SdL55HWNPRM,How does a Tank work? (M1A2 Abrams),64000000.0,6.0,35,7,Q:How,True,False,True,False,False,False,True,False,False,False,False,False,False,False,False,True,False,False
niche,Jared Owen,top,1jfNIBtfWDY,How does an Escalator work?,19000000.0,6.0,27,5,Q:How,True,False,True,False,False,False,False,False,False,False,False,False,False,False,False,True,False,False
niche,Jared Owen,weak,ucyw6GVifCE,How a Boat-Lifting Wheel works,440000.0,0.08333333333333333,30,6,Statement: other,False,False,True,False,False,False,False,False,False,False,False,False,False,False,False,True,False,False
niche,Jared Owen,weak,7QsgPiLe_Q0,How does a Spiral Escalator work?,1100000.0,0.25,33,6,Q:How,True,False,True,False,False,False,False,False,False,False,False,False,False,False,False,True,False,False
niche,Cleo Abram,top,N0-ZZ9pLyWw,What If You Just Keep Digging?,13000000.0,1.0,30,6,Q:What,True,False,False,True,False,False,False,False,False,False,False,True,False,False,False,True,False,False
niche,Cleo Abram,top,XfGEMCb6BQU,What's Hidden Under Antarctica?,9800000.0,0.3333333333333333,31,4,Q:other,True,False,False,False,False,False,False,False,False,False,False,False,False,True,False,True,False,False
niche,Cleo Abram,top,pfIWxFIVP_Y,The Shoe That Broke Running,10000000.0,2.0,27,5,Statement: The ...,False,False,False,False,False,True,False,False,False,False,False,False,False,False,False,True,False,False
niche,Cleo Abram,top,yWgHx0HE8m8,Something’s Happening to the Ozone Hole,8100000.0,0.08333333333333333,39,6,Statement: other,False,False,False,False,False,False,False,False,False,False,False,False,False,False,False,True,False,False
niche,Cleo Abram,weak,JbKzSDfDdns,Something Huge Is Coming...,290000.0,2.0,27,4,Statement: other,False,False,False,False,False,False,False,False,False,False,False,False,False,False,False,True,False,False
niche,Cleo Abram,weak,znWFsB0f0EA,Zero Gravity Is Weirder Than You Think (Bonus Episode),701000.0,1.0,54,9,Statement: other,False,False,False,False,False,False,False,False,False,False,False,True,False,False,False,False,True,False
niche,RealLifeLore,top,GE-lAftuQgc,The Ocean is Way Deeper Than You Think,50000000.0,9.0,38,8,Statement: The ...,False,False,False,False,False,True,False,False,False,False,False,True,False,False,False,True,False,False
niche,RealLifeLore,top,E39GIysMevQ,What's the Deepest Hole We Can Possibly Dig?,48000000.0,9.0,44,8,Q:other,True,False,False,False,False,False,False,False,False,False,False,False,False,False,False,False,True,False
niche,RealLifeLore,top,fs1CIrwg5zU,The Terrifying True Scale of Nuclear Weapons,16000000.0,9.0,44,7,Statement: The ...,False,False,False,False,False,True,False,False,False,False,False,False,False,True,False,False,True,False
niche,RealLifeLore,top,If61baWF4GE,Why Russia is Invading Ukraine,21000000.0,4.0,30,5,Statement: other,False,True,False,False,False,False,False,False,False,False,False,False,False,False,False,True,False,False
niche,RealLifeLore,weak,To8rpgqvtSc,What's Hidden Under the World's Most Mysterious Places?,409000.0,0.3333333333333333,55,8,Q:other,True,False,False,False,False,False,False,False,False,False,False,False,False,True,False,False,True,False
niche,RealLifeLore,weak,5iy1qcy6XkY,The Ceuta Situation is Insane,467000.0,0.5833333333333334,29,5,Statement: The ...,False,False,False,False,False,True,False,False,False,False,False,False,False,True,False,True,False,False
niche,Joe Scott,top,_vFxGhRq4N4,This Is Why You Can’t Go To Antarctica,13000000.0,2.0,38,8,Statement: other,False,False,False,False,False,False,False,False,False,False,False,True,False,False,False,True,False,False
niche,Joe Scott,top,lHrHQZpK1Os,How To Squeeze A Human Being Through A Five Inch Hole,8199999.999999999,1.0,53,11,Statement: other,False,False,True,False,False,False,False,False,False,False,False,False,False,False,False,False,True,False
niche,Joe Scott,top,P4hFRfOeZX8,What Happened To The First Human Head Transplant? (Feat. Medlife Crisis),5000000.0,2.0,72,11,Q:What,True,False,False,True,False,False,False,False,False,False,False,False,False,False,False,False,False,True
niche,Joe Scott,top,tib0lgpjbu8,"This Disease Turned 5 Million People Into Statues, And Then Vanished",4000000.0,2.0,68,11,Statement: other,False,False,False,False,False,False,True,False,False,False,False,False,False,False,False,False,False,True
niche,Joe Scott,weak,euAzT_jK0t8,Perhaps The Craziest Thought Any Human Has Ever Had,250000.0,0.3333333333333333,51,9,Statement: other,False,False,False,False,False,False,False,False,False,False,False,False,False,False,False,False,True,False
niche,Joe Scott,weak,G2EbN7wCx8Y,Why Being A Victorian Baker Was A Death Sentence,307000.0,0.5,48,9,Statement: other,False,True,False,False,False,False,False,False,False,False,False,False,False,False,False,False,True,False
niche,Lost Industries,top,XGv1p6d1xMc,Inside Airfix: The Bankruptcy That Destroyed Britain’s Model Empire,403000.0,0.5,67,9,Statement with separator,False,False,False,False,False,False,False,True,True,False,False,False,False,False,False,False,False,True
niche,Lost Industries,top,heU4yOQLzLw,How Just One Mistake Destroyed the World’s Greatest Bicycle: Raleigh,188000.0,0.16666666666666666,68,10,Statement with separator,False,False,True,False,False,False,False,True,True,False,False,False,False,False,False,False,False,True
niche,Lost Industries,top,9T-Yak4IPI0,The Fatal Rolls-Royce Scandal: The Engine That Bankrupted Britain’s Pride,140000.0,0.5,73,11,Statement with separator,False,False,False,False,False,True,False,True,True,False,False,False,False,False,False,False,False,True
niche,Lost Industries,weak,7ggec11g_fE,"How Just One Mistake Destroyed Royal Doulton, Britain's Greatest Ceramic Empire",1300.0,0.057692307692307696,79,11,Statement: other,False,False,True,False,False,False,False,False,False,False,False,False,False,False,False,False,False,True
niche,Lost Industries,weak,6mpNSJ48qp4,How Just One Mistake Destroyed The World's Fastest Car: Jaguar XJ220,2400.0,0.08333333333333333,68,11,Statement with separator,False,False,True,False,False,False,True,True,True,False,False,False,False,False,False,False,False,True
niche,Ink Explainer,top,49_Ph2q6uIM,What Did Ancient Humans Actually Do All Day?,9700000.0,0.08333333333333333,44,8,Q:What,True,False,False,True,False,False,False,False,False,False,False,False,True,False,False,False,True,False
niche,Ink Explainer,top,SD7XyG2wd1k,What Did Ancient Humans Do When It Rained All Week?,1500000.0,0.16666666666666666,51,10,Q:What,True,False,False,True,False,False,False,False,False,False,False,False,False,False,False,False,True,False
niche,Ink Explainer,top,OCr6NteWSQ8,Why Are We the Only Human Species Left? What happened to others...,1200000.0,0.25,66,12,Q:Why,True,True,False,False,False,False,False,False,False,False,False,False,False,False,False,False,False,True
niche,Ink Explainer,top,9AFO6MHy8y4,When Did Ancient Humans Start Drinking Alcohol?,886000.0,0.3333333333333333,47,7,Q:other,True,False,False,False,False,False,False,False,False,False,False,False,False,False,False,False,True,False
niche,Ink Explainer,weak,ulWFk_L2Ips,what is The IKEA Effect.,15000.0,0.4166666666666667,24,5,Statement: other,False,False,False,True,False,False,False,False,False,True,False,False,False,False,False,True,False,False
niche,Ink Explainer,weak,6TzPQ0046lw,What did Early Humans do when they got Sick,37000.0,0.3333333333333333,43,9,Statement: other,False,False,False,True,False,False,False,False,False,False,False,False,False,False,False,False,True,False
niche,OverSimplified,top,_uk_6vfqwTA,WW2 - OverSimplified (Part 1),105000000.0,8.0,29,4,Statement with separator,False,False,False,False,False,False,True,False,True,False,False,False,False,False,False,True,False,False
niche,OverSimplified,top,I79TpDe3t2g,The Cold War - OverSimplified (Part 1),74000000.0,7.0,38,6,Statement with separator,False,False,False,False,False,True,True,False,True,False,False,False,False,False,False,True,False,False
niche,OverSimplified,top,AAGIi62-sAU,Prohibition - OverSimplified,58000000.0,5.0,28,2,Statement with separator,False,False,False,False,False,False,False,False,True,False,False,False,False,False,False,True,False,False
niche,OverSimplified,top,ewLpXw6uN28,Henry VIII - OverSimplified,50000000.0,6.0,27,3,Statement with separator,False,False,False,False,False,False,False,False,True,True,False,False,False,False,False,True,False,False
niche,OverSimplified,weak,805SIqgDZIE,RECAP: First Punic War,2400000.0,2.0,22,4,Statement with separator,False,False,False,False,False,False,False,True,True,True,False,False,False,False,False,True,False,False
niche,OverSimplified,weak,lsbcN9-jU1Y,The Second Punic War - OverSimplified (Part 1),20000000.0,2.0,46,7,Statement with separator,False,False,False,False,False,True,True,False,True,False,False,False,False,False,False,False,True,False
niche,Simple History,top,zvBiIvKUiOQ,Sniper Decoys: Dummy Heads,23000000.0,7.0,26,4,Statement with separator,False,False,False,False,False,False,False,True,True,False,False,False,False,False,False,True,False,False
niche,Simple History,top,GGPxesCB8ns,Schwerer Gustav  - Rail Super Gun (Behemoth),16000000.0,8.0,44,6,Statement with separator,False,False,False,False,False,False,False,False,True,False,False,False,False,False,False,False,True,False
niche,Simple History,top,jgGp7Zvz5QA,How Long did a Person Stay Alive after being Guillotined?,11000000.0,6.0,57,10,Q:How,True,False,True,False,False,False,False,False,False,False,False,False,False,False,False,False,True,False
niche,Simple History,top,CgykKEhfEok,Trench Systems (Cross Section),9100000.0,8.0,30,4,Statement: other,False,False,False,False,False,False,False,False,False,False,False,False,False,False,False,True,False,False
niche,Simple History,weak,8f-leS-S8uA,Happy 250th Birthday to the USA!,33000.0,0.16666666666666666,32,6,Statement: other,False,False,False,False,False,False,True,False,False,False,True,False,False,False,False,True,False,False
niche,Simple History,weak,sW8ZEn4Ce2Y,Life inside M1 Abrams Cross Section,64000.0,0.16666666666666666,35,6,Statement: other,False,False,False,False,False,False,True,False,False,False,False,False,False,False,False,True,False,False
niche,Casual Geographic,top,s5p6vGuWqeQ,Animals that Got the Middle Finger from Evolution,17000000.0,5.0,49,8,Statement: other,False,False,False,False,False,False,False,False,False,False,False,False,False,False,False,False,True,False
niche,Casual Geographic,top,wg2iuU2gazc,Animal Diseases that Belong in a Horror Movie,10000000.0,2.0,45,8,Statement: other,False,False,False,False,False,False,False,False,False,False,False,False,False,False,False,False,True,False
niche,Casual Geographic,top,6W4R4d05dko,One Mistake and This Chimp Lost It All,9400000.0,4.0,38,8,Statement: other,False,False,False,False,False,False,False,False,False,False,False,False,False,False,False,True,False,False
niche,Casual Geographic,top,qpWGMTXMLfs,These People Are Making a BIG Mistake,7500000.0,5.0,37,7,Statement: other,False,False,False,False,False,False,False,False,False,True,False,False,False,False,False,True,False,False
niche,Casual Geographic,weak,UtIt3cIv9Rc,Why These Sharks Completely Destroy the Stereotype,1100000.0,0.75,50,7,Statement: other,False,True,False,False,False,False,False,False,False,False,False,False,False,False,False,False,True,False
niche,Casual Geographic,weak,ZV4JyVRkN34,The Country That Changes Your Brain Chemistry,1200000.0,0.25,45,7,Statement: The ...,False,False,False,False,False,True,False,False,False,False,False,True,False,False,False,False,True,False
niche,Simple Paint,top,V-yY8hGPXM0,The Worst Astronaut Deaths Ever,5900000.0,0.9166666666666666,31,5,Statement: The ...,False,False,False,False,False,True,False,False,False,False,False,False,False,True,False,True,False,False
niche,Simple Paint,top,p9oqtTzzWMs,The Most AVOIDABLE Cave Deaths Ever,5800000.0,1.0,35,6,Statement: The ...,False,False,False,False,False,True,False,False,False,True,False,False,False,False,False,True,False,False
niche,Simple Paint,top,IpHuv8XSeFY,The Worst Mistakes Humans Ever Made,3300000.0,0.6666666666666666,35,6,Statement: The ...,False,False,False,False,False,True,False,False,False,False,False,False,False,True,False,True,False,False
niche,Simple Paint,top,2hZNJ93Vzao,The Worst Roller Coaster Deaths Ever,3300000.0,1.0,36,6,Statement: The ...,False,False,False,False,False,True,False,False,False,False,False,False,False,True,False,True,False,False
niche,Simple Paint,weak,8Q1-qTxdmuI,The Worst Bungee Jumping Deaths Ever,68000.0,0.08333333333333333,36,6,Statement: The ...,False,False,False,False,False,True,False,False,False,False,False,False,False,True,False,True,False,False
niche,Simple Paint,weak,n46GQ3rdUSU,The Worst Farm Deaths Ever,88000.0,0.16666666666666666,26,5,Statement: The ...,False,False,False,False,False,True,False,False,False,False,False,False,False,True,False,True,False,False
niche,Kurzgesagt – In a Nutshell,top,9tbxDgcv74c,What If You Detonated a Nuclear Bomb In The Marianas Trench? (Science not Fantasy),36000000.0,8.0,82,14,Q:What,True,False,False,True,False,False,False,False,False,False,False,True,False,False,False,False,False,True
niche,Kurzgesagt – In a Nutshell,top,3mnSDifDSxQ,The Largest Star in the Universe – Size Comparison,35000000.0,6.0,50,8,Statement with separator,False,False,False,False,False,True,False,False,True,False,False,False,False,False,False,False,True,False
niche,Kurzgesagt – In a Nutshell,top,JyECrGp-Sw8,What If We Detonated All Nuclear Bombs at Once?,32000000.0,7.0,47,9,Q:What,True,False,False,True,False,False,False,False,False,False,False,False,False,False,False,False,True,False
niche,Kurzgesagt – In a Nutshell,top,5iPH-br_eJQ,What if We Nuke a City?,29000000.0,6.0,23,6,Q:What,True,False,False,True,False,False,False,False,False,False,False,False,False,False,False,True,False,False
niche,Kurzgesagt – In a Nutshell,weak,UnrtLi7YIY4,We Made A New Journal,328000.0,0.6666666666666666,21,5,Statement: other,False,False,False,False,False,False,False,False,False,False,False,False,False,False,False,True,False,False
niche,Kurzgesagt – In a Nutshell,weak,XunabxHzMuM,This Game Took Us Two Years To Make,704000.0,1.0,35,8,Statement: other,False,False,False,False,False,False,False,False,False,False,False,False,False,False,False,True,False,False
niche,TED-Ed,top,N5vJSNXPEwA,Can you solve the prisoner hat riddle? - Alex Gendler,37000000.0,10.0,53,9,Q:Yes/no,True,False,False,False,True,False,False,False,True,False,False,True,False,False,False,False,True,False
niche,TED-Ed,top,7yDmGnA8Hw0,Can you solve the bridge riddle? - Alex Gendler,24000000.0,11.0,47,8,Q:Yes/no,True,False,False,False,True,False,False,False,True,False,False,True,False,False,False,False,True,False
niche,TED-Ed,top,xKxrkht7CpY,How do solar panels work? - Richard Komp,26000000.0,10.0,40,7,Q:How,True,False,True,False,False,False,False,False,True,False,False,False,False,False,False,True,False,False
niche,TED-Ed,weak,uBwkMc1llmM,The incredible engineering of Venice - Stephanie H. Smith,180000.0,0.3333333333333333,57,8,Statement with separator,False,False,False,False,False,True,False,False,True,False,False,False,False,False,False,False,True,False
niche,TED-Ed,weak,6hCo4S_1Fhw,Why avalanches are most deadly when they stop - Simon Trautman,214000.0,0.25,62,10,Statement with separator,False,True,False,False,False,False,False,False,True,False,False,False,False,True,False,False,False,True
niche,MinuteEarth,top,8a3r-cG8Wic,Why Do Rivers Curve?,9300000.0,11.0,20,4,Q:Why,True,True,False,False,False,False,False,False,False,False,False,False,False,False,False,True,False,False
niche,MinuteEarth,top,PBCNWmU5apE,Why It Sucks to Be a Male Hyena,19000000.0,9.0,31,8,Statement: other,False,True,False,False,False,False,False,False,False,False,False,False,False,False,False,True,False,False
niche,MinuteEarth,top,uKP3lc9SOaA,Why There Are No King Bees,6900000.0,2.0,26,6,Statement: other,False,True,False,False,False,False,False,False,False,False,False,False,False,False,False,True,False,False
niche,MinuteEarth,weak,Iuj-Ha3u074,The Heaviest Part of a Forest Is NOT What You Think,120000.0,0.08333333333333333,51,11,Statement: The ...,False,False,False,False,False,True,False,False,False,True,False,True,False,False,False,False,True,False
niche,MinuteEarth,weak,f91p64gOFF0,Could This Thing *Really* Fly?,132000.0,0.5,30,5,Q:Yes/no,True,False,False,False,True,False,False,False,False,False,False,False,True,False,False,True,False,False
niche,Insider,top,ZwcSrCKZK0U,How The Indoraptor Was Brought To Life In 'Jurassic World: Fallen Kingdom' | Movies Insider,48000000.0,8.0,91,14,Statement with separator,False,False,True,False,False,False,False,True,True,False,False,False,False,False,False,False,False,True
niche,Insider,top,qRRuOTuhL_o,How Jawbreakers Are Made,36000000.0,8.0,24,4,Statement: other,False,False,True,False,False,False,False,False,False,False,False,False,False,False,False,True,False,False
niche,Insider,weak,4FD17PLNc2U,How Having OCD Actually Works | Authorized Account | Insider,84000.0,0.6666666666666666,60,8,Statement with separator,False,False,True,False,False,False,False,False,True,True,False,False,True,False,False,False,True,False
niche,Grunge,top,zcpyXus51vM,British Military Guards Must Follow Proper Fainting Protocol,18000000.0,4.0,60,8,Statement: other,False,False,False,False,False,False,False,False,False,False,False,False,False,False,False,False,True,False
niche,Grunge,top,5cdfB6wFrbg,The Dangerous Truth Of Jacob's Well,8500000.0,6.0,35,6,Statement: The ...,False,False,False,False,False,True,False,False,False,False,False,False,True,False,False,True,False,False
niche,Grunge,top,73c_noIbIy4,Daredevils Who Lost Their Lives During Insane Stunts,10000000.0,7.0,52,8,Statement: other,False,False,False,False,False,False,False,False,False,False,False,False,False,True,False,False,True,False
niche,Grunge,weak,L6etHsVluE4,What Kenny Rogers And Dolly Parton's Collaborations Reveal About Their Friendship,3300.0,0.030136986301369864,81,11,Statement: other,False,False,False,True,False,False,False,False,False,False,False,False,False,False,False,False,False,True
cartoon,Ink Explainer,top,49_Ph2q6uIM,What Did Ancient Humans Actually Do All Day?,9700000.0,0.08333333333333333,44,8,Q:What,True,False,False,True,False,False,False,False,False,False,False,False,True,False,False,False,True,False
cartoon,Ink Explainer,top,SD7XyG2wd1k,What Did Ancient Humans Do When It Rained All Week?,1500000.0,0.16666666666666666,51,10,Q:What,True,False,False,True,False,False,False,False,False,False,False,False,False,False,False,False,True,False
cartoon,Ink Explainer,top,OCr6NteWSQ8,Why Are We the Only Human Species Left? What happened to others...,1200000.0,0.25,66,12,Q:Why,True,True,False,False,False,False,False,False,False,False,False,False,False,False,False,False,False,True
cartoon,Ink Explainer,top,9AFO6MHy8y4,When Did Ancient Humans Start Drinking Alcohol?,886000.0,0.3333333333333333,47,7,Q:other,True,False,False,False,False,False,False,False,False,False,False,False,False,False,False,False,True,False
cartoon,Ink Explainer,top,QP1maS6hYn4,How Did Ancient Humans Travel the World?,801000.0,0.25,40,7,Q:How,True,False,True,False,False,False,False,False,False,False,False,False,False,False,False,True,False,False
cartoon,Ink Explainer,top,dp3jYZXKOos,The Disturbing Ways Ancient Humans Survived Winter,756000.0,0.16666666666666666,50,7,Statement: The ...,False,False,False,False,False,True,False,False,False,False,False,False,False,True,False,False,True,False
cartoon,Ink Explainer,weak,ulWFk_L2Ips,what is The IKEA Effect.,15000.0,0.4166666666666667,24,5,Statement: other,False,False,False,True,False,False,False,False,False,True,False,False,False,False,False,True,False,False
cartoon,Ink Explainer,weak,6TzPQ0046lw,What did Early Humans do when they got Sick,37000.0,0.3333333333333333,43,9,Statement: other,False,False,False,True,False,False,False,False,False,False,False,False,False,False,False,False,True,False
cartoon,Ink Explainer,weak,0WtFuiHn2-g,How Did Human Accidentally Invented Guns?,42000.0,0.16666666666666666,41,6,Q:How,True,False,True,False,False,False,False,False,False,False,False,False,False,False,False,False,True,False
cartoon,Explain In Paint,top,nv7HuwnofW0,How Ancient Humans Actually Created Dogs?,935000.0,0.25,41,6,Q:How,True,False,True,False,False,False,False,False,False,False,False,False,True,False,False,False,True,False
cartoon,Explain In Paint,top,VnjolbkfJwo,How Did Ancient Humans Keep Kids Alive?,837000.0,0.25,39,7,Q:How,True,False,True,False,False,False,False,False,False,False,False,False,False,False,False,True,False,False
cartoon,Explain In Paint,top,HuDU3ZLMCnA,Why Can’t You Remember Falling Asleep?,724000.0,0.25,38,6,Q:Why,True,True,False,False,False,False,False,False,False,False,False,True,False,False,False,True,False,False
cartoon,Explain In Paint,top,Q3_htAFS7wg,How Ancient Humans Survived Brutal Winters?,398000.0,0.25,43,6,Q:How,True,False,True,False,False,False,False,False,False,False,False,False,False,True,False,False,True,False
cartoon,Explain In Paint,top,tOq3EC6bxBQ,When Did Ancient Humans Start Taking Drugs?,390000.0,0.25,43,7,Q:other,True,False,False,False,False,False,False,False,False,False,False,False,False,False,False,False,True,False
cartoon,Explain In Paint,top,2Z-pKKLhQi8,Why Can’t We Cure Cancer Yet?,370000.0,0.16666666666666666,29,6,Q:Why,True,True,False,False,False,False,False,False,False,False,False,False,False,False,False,True,False,False
cartoon,The Paint Explainer,top,n9HAAFBT3AA,What Dying on Every Planet Would Be Like,12000000.0,1.0,40,8,Statement: other,False,False,False,True,False,False,False,False,False,False,False,False,False,False,False,True,False,False
cartoon,The Paint Explainer,top,HuCZ6-A5gcY,The Worst Punishments in History,9000000.0,1.0,32,5,Statement: The ...,False,False,False,False,False,True,False,False,False,False,False,False,False,True,False,True,False,False
cartoon,The Paint Explainer,top,hDYQlhSQKsw,The Scariest Urban Legends That Turned Out to Be True,8700000.0,1.0,53,10,Statement: The ...,False,False,False,False,False,True,False,False,False,False,False,False,False,False,False,False,True,False
cartoon,The Paint Explainer,top,41i2XIV8mCI,Every Major Human Mistake That Changed History Forever,7800000.0,1.0,54,8,Statement: other,False,False,False,False,False,False,False,False,False,False,False,False,False,False,False,False,True,False
cartoon,The Paint Explainer,top,_HGD5t1FbyM,Every Level of Hell Explained in 12 Minutes (Dante's Inferno),7200000.0,2.0,61,10,Statement: other,False,False,False,False,False,False,True,False,False,False,False,False,False,False,False,False,False,True
cartoon,The Paint Explainer,top,_T73DugW_D8,The Worst Cave Deaths Ever,6800000.0,1.0,26,5,Statement: The ...,False,False,False,False,False,True,False,False,False,False,False,False,False,True,False,True,False,False
cartoon,The Paint Explainer,weak,0Ms82OrNaF4,The Craziest Ways History's Deadliest Warriors Died,97000.0,0.08333333333333333,51,7,Statement: The ...,False,False,False,False,False,True,False,False,False,False,False,False,False,False,False,False,True,False
cartoon,The Paint Explainer,weak,xRAbRBMjgzM,"The 5 Times The World Ended, Explained in Just 10 Minutes",187000.0,0.16666666666666666,57,11,Statement: The ...,False,False,False,False,False,True,True,False,False,False,False,False,False,False,False,False,True,False
cartoon,The Paint Explainer,weak,S-wZdUahm0E,Every Major Gap in History We Still Don't Understand,243000.0,0.16666666666666666,52,9,Statement: other,False,False,False,False,False,False,False,False,False,False,False,False,False,False,False,False,True,False
cartoon,Casually Explained,top,xa-4IAR_9Yw,Casually Explained: Is She Into You?,22000000.0,10.0,36,6,Q:other,True,False,False,False,False,False,False,True,True,False,False,True,False,False,False,True,False,False
cartoon,Casually Explained,top,JANApS0P4z8,Casually Explained: Levels of Wealth,13000000.0,8.0,36,5,Statement with separator,False,False,False,False,False,False,False,True,True,False,False,False,False,False,False,True,False,False
cartoon,Casually Explained,top,F2JJ4N2uXuc,Casually Explained: Red Flags,11000000.0,9.0,29,4,Statement with separator,False,False,False,False,False,False,False,True,True,False,False,False,False,False,False,True,False,False
cartoon,Casually Explained,top,uan3Aj0bHKc,Casually Explained: Being Healthy,11000000.0,7.0,33,4,Statement with separator,False,False,False,False,False,False,False,True,True,False,False,False,False,False,False,True,False,False
cartoon,Casually Explained,top,9_RxaeN0FGw,Casually Explained: The English Language,10000000.0,6.0,40,5,Statement with separator,False,False,False,False,False,False,False,True,True,False,False,False,False,False,False,True,False,False
cartoon,Casually Explained,top,KyQyz2upSgY,Casually Explained: Men's Fashion,9800000.0,8.0,33,4,Statement with separator,False,False,False,False,False,False,False,True,True,False,False,False,False,False,False,True,False,False
cartoon,Casually Explained,weak,5xMXep-lpdM,Casually Explained: Christmas,700000.0,0.75,29,3,Statement with separator,False,False,False,False,False,False,False,True,True,False,False,False,False,False,False,True,False,False
cartoon,Casually Explained,weak,NbEfcVIlpg4,Casually Explained: Sports II,824000.0,0.8333333333333334,29,4,Statement with separator,False,False,False,False,False,False,False,True,True,False,False,False,False,False,False,True,False,False
cartoon,Casually Explained,weak,JFUxmWPHIeM,Casually Explained: The Boys vs The Girls,1000000.0,0.25,41,7,Statement with separator,False,False,False,False,False,False,False,True,True,False,False,False,False,False,False,False,True,False
cartoon,Sam O'Nella Academy,top,0zMSMJZc9EA,Historical Misconceptions For You to Bring Up during Family Dinner,23000000.0,8.0,66,10,Statement: other,False,False,False,False,False,False,False,False,False,False,False,True,False,False,False,False,False,True
cartoon,Sam O'Nella Academy,top,nYHDj2sB-rc,"Tarrare, the Hungriest Man in History",20000000.0,8.0,37,6,Statement: other,False,False,False,False,False,False,False,False,False,False,False,False,False,False,False,True,False,False
cartoon,Sam O'Nella Academy,top,ORmUUhh6O-8,Why It Sucked to Be a Pirate,19000000.0,10.0,28,7,Statement: other,False,True,False,False,False,False,False,False,False,False,False,False,False,False,False,True,False,False
cartoon,Sam O'Nella Academy,top,MGVraepNj04,The Presidential Assassination Nobody Talks About,19000000.0,6.0,49,6,Statement: The ...,False,False,False,False,False,True,False,False,False,False,False,False,False,False,False,False,True,False
cartoon,Sam O'Nella Academy,top,K_NRBkJtNAI,Obscure Obsolete Inventions,19000000.0,7.0,27,3,Statement: other,False,False,False,False,False,False,False,False,False,False,False,False,False,False,False,True,False,False
cartoon,Sam O'Nella Academy,top,rZizVUKe4sQ,Why Produce Used to Suck,17000000.0,8.0,24,5,Statement: other,False,True,False,False,False,False,False,False,False,False,False,False,False,False,False,True,False,False
cartoon,Sam O'Nella Academy,weak,owMQZX862Ms,I wrote a book.,2200000.0,0.5833333333333334,15,4,Statement: other,False,False,False,False,False,False,False,False,False,False,False,False,False,False,False,True,False,False
cartoon,Sam O'Nella Academy,weak,_kgTL-Z9sBU,Pliny Explains it All 2: MAN (The Historia Naturalis Abridged),3100000.0,0.08333333333333333,62,10,Statement with separator,False,False,False,False,False,False,True,True,True,True,False,False,False,False,False,False,False,True
cartoon,Sam O'Nella Academy,weak,FJwMDVrg8WU,Presidential Pets: a Brief History,5900000.0,2.0,34,5,Statement with separator,False,False,False,False,False,False,False,True,True,False,False,False,False,False,False,True,False,False
cartoon,OverSimplified,top,_uk_6vfqwTA,WW2 - OverSimplified (Part 1),105000000.0,8.0,29,4,Statement with separator,False,False,False,False,False,False,True,False,True,False,False,False,False,False,False,True,False,False
cartoon,OverSimplified,top,I79TpDe3t2g,The Cold War - OverSimplified (Part 1),74000000.0,7.0,38,6,Statement with separator,False,False,False,False,False,True,True,False,True,False,False,False,False,False,False,True,False,False
cartoon,OverSimplified,top,tsxmyL7TUJg,The American Civil War - OverSimplified (Part 1),71000000.0,6.0,48,7,Statement with separator,False,False,False,False,False,True,True,False,True,False,False,False,False,False,False,False,True,False
cartoon,OverSimplified,top,fo2Rb9h788s,WW2 - OverSimplified (Part 2),67000000.0,8.0,29,4,Statement with separator,False,False,False,False,False,False,True,False,True,False,False,False,False,False,False,True,False,False
cartoon,OverSimplified,top,zqllxbPWKNI,The Napoleonic Wars  - OverSimplified (Part 1),67000000.0,5.0,46,6,Statement with separator,False,False,False,False,False,True,True,False,True,False,False,False,False,False,False,False,True,False
cartoon,OverSimplified,top,gzALIXcY4pg,The American Revolution  - OverSimplified (Part 1),63000000.0,8.0,50,6,Statement with separator,False,False,False,False,False,True,True,False,True,False,False,False,False,False,False,False,True,False
cartoon,OverSimplified,weak,1BVJzaXv3rk,The Second Punic War  - OverSimplified (Part 3),20000000.0,1.0,47,7,Statement with separator,False,False,False,False,False,True,True,False,True,False,False,False,False,False,False,False,True,False
cartoon,OverSimplified,weak,Q-nWA0WeF98,The Second Punic War - OverSimplified (Part 2),20000000.0,2.0,46,7,Statement with separator,False,False,False,False,False,True,True,False,True,False,False,False,False,False,False,False,True,False
cartoon,OverSimplified,weak,lsbcN9-jU1Y,The Second Punic War - OverSimplified (Part 1),20000000.0,2.0,46,7,Statement with separator,False,False,False,False,False,True,True,False,True,False,False,False,False,False,False,False,True,False
cartoon,Historia Civilis,top,fD-R35DSSZY,The Longest Year in Human History (46 B.C.E.),7300000.0,7.0,45,10,Statement: The ...,False,False,False,False,False,True,True,False,False,False,False,False,False,False,False,False,True,False
cartoon,Historia Civilis,top,aq4G-7v-_xI,The Bronze Age Collapse (approximately 1200 B.C.E.),5400000.0,6.0,51,9,Statement: The ...,False,False,False,False,False,True,True,False,False,False,False,False,False,False,True,False,True,False
cartoon,Historia Civilis,top,9XBxMk_plhA,"The Assassination of Julius Caesar (The Ides of March, 44 B.C.E.)",4600000.0,6.0,65,13,Statement: The ...,False,False,False,False,False,True,True,False,False,False,False,False,False,False,False,False,False,True
cartoon,Historia Civilis,top,SYxN134gb-8,Caesar Crosses the Rubicon (52 to 49 B.C.E.),3800000.0,8.0,44,10,Statement: other,False,False,False,False,False,False,True,False,False,False,False,False,False,False,False,False,True,False
cartoon,Historia Civilis,top,LOCBWh5Iwm4,Caesar in Britain (55 B.C.E.),3700000.0,9.0,29,7,Statement: other,False,False,False,False,False,False,True,False,False,False,False,False,False,False,False,True,False,False
cartoon,Historia Civilis,top,3iz1_UwD2Fw,Roman Battle Tactics,3600000.0,11.0,20,3,Statement: other,False,False,False,False,False,False,False,False,False,False,False,False,False,False,False,True,False,False
cartoon,Historia Civilis,weak,872JcpP3FEM,The City.,692000.0,0.4166666666666667,9,2,Statement: The ...,False,False,False,False,False,True,False,False,False,False,False,False,False,False,False,True,False,False
cartoon,Historia Civilis,weak,h6E4_Bcmscg,Reform or Revolution? (1830 to 1832),872000.0,1.0,36,6,Q:other,True,False,False,False,False,False,True,False,False,False,False,False,False,False,False,True,False,False
cartoon,Historia Civilis,weak,EezHXh-UG-c,The Death of Antony & Cleopatra (30 B.C.E.),1200000.0,3.0,43,9,Statement: The ...,False,False,False,False,False,True,True,False,False,False,False,False,False,False,False,False,True,False
cartoon,CGP Grey,top,iHzzSao6ypE,Traffic Has a Perfect Solution. Humans Are the Problem.,44000000.0,10.0,55,9,Statement: other,False,False,False,False,False,False,False,False,False,False,False,False,False,False,False,False,True,False
cartoon,CGP Grey,top,oAHbLRjF0vo,The Fastest Way to Board a Plane Feels Like the Slowest,37000000.0,7.0,55,11,Statement: The ...,False,False,False,False,False,True,False,False,False,False,False,False,False,False,False,False,True,False
cartoon,CGP Grey,top,qMkYlIA7mgw,"The US-Canada Border Is 5,500 Miles of Pure Nonsense",37000000.0,13.0,52,11,Statement: The ...,False,False,False,False,False,True,True,False,False,False,False,False,False,False,False,False,True,False
cartoon,CGP Grey,top,kF8I_r9XT7A,You Can Never Become Pope,33000000.0,13.0,25,5,Statement: other,False,False,False,False,False,False,False,False,False,False,False,True,False,False,False,True,False,False
cartoon,CGP Grey,top,wOmjnioNulo,"Zebras Look Like Horses. Inside, They're Nothing Alike.",26000000.0,10.0,55,8,Statement: other,False,False,False,False,False,False,False,False,False,False,False,False,False,False,False,False,True,False
cartoon,CGP Grey,top,rStL7niR7gs,Try to Rule Fairly and You'll Be Overthrown,25000000.0,9.0,43,8,Statement: other,False,False,False,False,False,False,False,False,False,False,False,True,False,False,False,False,True,False
cartoon,CGP Grey,weak,lk4lBV5wgGM,Which Sidekick Notepad Is For You?,425000.0,1.0,34,6,Q:other,True,False,False,False,False,False,False,False,False,False,False,True,False,False,False,True,False,False
cartoon,CGP Grey,weak,xJmVuW8atO8,Watch CGP Grey Interact With Real Humans,684000.0,5.0,40,7,Statement: other,False,False,False,False,False,False,False,False,False,True,False,False,False,False,False,True,False,False
cartoon,CGP Grey,weak,z_7N8MFRJkc,Why I Still Use Paper,979000.0,2.0,21,5,Statement: other,False,True,False,False,False,False,False,False,False,False,False,False,False,False,False,True,False,False
cartoon,MinuteEarth,top,3IaYhG11ckA,Why Do We Have More Boys Than Girls?,9400000.0,12.0,36,8,Q:Why,True,True,False,False,False,False,False,False,False,False,False,False,False,False,False,True,False,False
cartoon,MinuteEarth,top,8a3r-cG8Wic,Why Do Rivers Curve?,9300000.0,11.0,20,4,Q:Why,True,True,False,False,False,False,False,False,False,False,False,False,False,False,False,True,False,False
cartoon,MinuteEarth,top,_LpgBvEPozk,Where Did Earth's Water Come From?,8300000.0,12.0,34,6,Q:other,True,False,False,False,False,False,False,False,False,False,False,False,False,False,False,True,False,False
cartoon,MinuteEarth,top,mOSpRzW2i_4,Why is it Hot Underground?,7900000.0,12.0,26,5,Q:Why,True,True,False,False,False,False,False,False,False,False,False,False,False,False,False,True,False,False
cartoon,MinuteEarth,top,Ao0dqJvH4a0,Why Do Bats Carry So Many Diseases? (like Coronavirus),7500000.0,12.0,54,9,Q:Why,True,True,False,False,False,False,False,False,False,False,False,False,False,False,False,False,True,False
cartoon,MinuteEarth,top,uKP3lc9SOaA,Why There Are No King Bees,6900000.0,2.0,26,6,Statement: other,False,True,False,False,False,False,False,False,False,False,False,False,False,False,False,True,False,False
cartoon,MinuteEarth,weak,Iuj-Ha3u074,The Heaviest Part of a Forest Is NOT What You Think,120000.0,0.08333333333333333,51,11,Statement: The ...,False,False,False,False,False,True,False,False,False,True,False,True,False,False,False,False,True,False
cartoon,MinuteEarth,weak,5PJ2UxStIO8,MinuteEarth Explains: Microbes,130000.0,0.16666666666666666,30,3,Statement with separator,False,False,False,False,False,False,False,True,True,False,False,False,False,False,False,True,False,False
cartoon,MinuteEarth,weak,f91p64gOFF0,Could This Thing *Really* Fly?,132000.0,0.5,30,5,Q:Yes/no,True,False,False,False,True,False,False,False,False,False,False,False,True,False,False,True,False,False
cartoon,minutephysics,top,jSMZoLjB9JE,Passing A Portal Through Itself,14000000.0,4.0,31,5,Statement: other,False,False,False,False,False,False,False,False,False,False,False,False,False,False,False,True,False,False
cartoon,minutephysics,top,9eKc5kgPVrA,Immovable Object vs. Unstoppable Force - Which Wins?,13000000.0,13.0,52,7,Q:other,True,False,False,False,False,False,False,False,True,False,False,False,False,False,False,False,True,False
cartoon,minutephysics,top,d3zTfXvYZ9s,Time Travel in Fiction Rundown,11000000.0,8.0,30,5,Statement: other,False,False,False,False,False,False,False,False,False,False,False,False,False,False,False,True,False,False
cartoon,minutephysics,top,jN-FfJKgis8,What if the Earth were Hollow?,10000000.0,14.0,30,6,Q:What,True,False,False,True,False,False,False,False,False,False,False,False,False,False,False,True,False,False
cartoon,minutephysics,top,Ywn2Lz5zmYg,The True Science of Parallel Universes,10000000.0,13.0,38,6,Statement: The ...,False,False,False,False,False,True,False,False,False,False,False,False,False,False,False,True,False,False
cartoon,minutephysics,top,OydqR_7_DjI,How to See Without Glasses,10000000.0,12.0,26,5,Statement: other,False,False,True,False,False,False,False,False,False,False,False,False,False,False,False,True,False,False
cartoon,minutephysics,weak,WIu38oWkCTc,Antimatter in Sci-Fi Rundown,184000.0,1.0,28,5,Statement: other,False,False,False,False,False,False,False,False,False,False,False,False,False,False,False,True,False,False
cartoon,minutephysics,weak,OEQeSrXy-YA,Why Some Rainbows Turn White,186000.0,0.9166666666666666,28,5,Statement: other,False,True,False,False,False,False,False,False,False,False,False,False,False,False,False,True,False,False
cartoon,minutephysics,weak,kzfXBenNxeA,The REAL Reason Asteroids Aren't Planets,210000.0,0.6666666666666666,40,6,Statement: The ...,False,False,False,False,False,True,False,False,False,True,False,False,True,False,False,True,False,False
cartoon,Kurzgesagt – In a Nutshell,top,BtN-goy9VOY,The Coronavirus Explained & What You Should Do,89000000.0,6.0,46,7,Statement: The ...,False,False,False,False,False,True,False,False,False,False,False,True,False,False,False,False,True,False
cartoon,Kurzgesagt – In a Nutshell,top,zQGOcOUBi6s,The Immune System Explained I – Bacteria Infection,54000000.0,12.0,50,7,Statement with separator,False,False,False,False,False,True,False,False,True,False,False,False,False,False,False,False,True,False
cartoon,Kurzgesagt – In a Nutshell,top,9tbxDgcv74c,What If You Detonated a Nuclear Bomb In The Marianas Trench? (Science not Fantasy),36000000.0,8.0,82,14,Q:What,True,False,False,True,False,False,False,False,False,False,False,True,False,False,False,False,False,True
cartoon,Kurzgesagt – In a Nutshell,top,h6fcK_fRYaI,The Egg - A Short Story,36000000.0,7.0,23,5,Statement with separator,False,False,False,False,False,True,False,False,True,False,False,False,False,False,False,True,False,False
cartoon,Kurzgesagt – In a Nutshell,top,3mnSDifDSxQ,The Largest Star in the Universe – Size Comparison,35000000.0,6.0,50,8,Statement with separator,False,False,False,False,False,True,False,False,True,False,False,False,False,False,False,False,True,False
cartoon,Kurzgesagt – In a Nutshell,top,sNhhvQGsMEc,The Fermi Paradox — Where Are All The Aliens? (1/2),35000000.0,11.0,51,10,Q:other,True,False,False,False,False,True,True,False,True,False,False,False,False,False,False,False,True,False
cartoon,Kurzgesagt – In a Nutshell,weak,D0WQK7cMJn8,We Made A New Channel!,2200000.0,0.6666666666666666,22,5,Statement: other,False,False,False,False,False,False,False,False,False,False,True,False,False,False,False,True,False,False
cartoon,Kurzgesagt – In a Nutshell,weak,dl0-TveDDGA,Our Minds Are Weirder than You Think,2700000.0,0.4166666666666667,36,7,Statement: other,False,False,False,False,False,False,False,False,False,False,False,True,False,False,False,True,False,False
cartoon,Kurzgesagt – In a Nutshell,weak,PqtggjVAi8M,How Are Memories Stored Inside Your Brain?,3100000.0,0.25,42,7,Q:How,True,False,True,False,False,False,False,False,False,False,False,True,False,False,False,False,True,False
cartoon,TED-Ed,top,N5vJSNXPEwA,Can you solve the prisoner hat riddle? - Alex Gendler,37000000.0,10.0,53,9,Q:Yes/no,True,False,False,False,True,False,False,False,True,False,False,True,False,False,False,False,True,False
cartoon,TED-Ed,top,7SWvDHvWXok,Questions No One Knows the Answers to (Full Version),29000000.0,14.0,52,9,Statement: other,False,False,False,False,False,False,False,False,False,False,False,False,False,False,False,False,True,False
cartoon,TED-Ed,top,xKxrkht7CpY,How do solar panels work? - Richard Komp,26000000.0,10.0,40,7,Q:How,True,False,True,False,False,False,False,False,True,False,False,False,False,False,False,True,False,False
cartoon,TED-Ed,top,z-IR48Mb3W0,What is depression? - Helen M. Farrell,26000000.0,10.0,38,6,Q:What,True,False,False,True,False,False,False,False,True,False,False,False,False,False,False,True,False,False
cartoon,TED-Ed,top,Uj3_KqkI9Zo,The Infinite Hotel Paradox - Jeff Dekofsky,25000000.0,12.0,42,6,Statement with separator,False,False,False,False,False,True,False,False,True,False,False,False,False,False,False,False,True,False
cartoon,TED-Ed,top,7yDmGnA8Hw0,Can you solve the bridge riddle? - Alex Gendler,24000000.0,11.0,47,8,Q:Yes/no,True,False,False,False,True,False,False,False,True,False,False,True,False,False,False,False,True,False
cartoon,TED-Ed,weak,5jPCAlE0z7I,The magical forest realm hiding at the bottom of the ocean - Luka Seamus Wright and Salomé Buglass,141000.0,0.16666666666666666,98,17,Statement with separator,False,False,False,False,False,True,False,False,True,False,False,False,False,False,False,False,False,True
cartoon,TED-Ed,weak,6hCo4S_1Fhw,Why avalanches are most deadly when they stop - Simon Trautman,214000.0,0.25,62,10,Statement with separator,False,True,False,False,False,False,False,False,True,False,False,False,False,True,False,False,False,True
cartoon,TED-Ed,weak,l29K-ZkARmE,"The tragedy of Cassandra, the princess who predicted the fall of Troy - Iseult Gillespie",217000.0,0.08333333333333333,88,14,Statement with separator,False,False,False,False,False,True,False,False,True,False,False,False,False,False,True,False,False,True
cartoon,TheOdd1sOut,top,CAb_bCtKuXg,Life is Fun - Ft. Boyinaband (Official Music Video),184000000.0,8.0,51,8,Statement with separator,False,False,False,False,False,False,False,False,True,False,False,False,False,False,False,False,True,False
cartoon,TheOdd1sOut,top,2yFCyPX3kT0,Annoying Customers,118000000.0,10.0,18,2,Statement: other,False,False,False,False,False,False,False,False,False,False,False,False,False,False,False,True,False,False
cartoon,TheOdd1sOut,top,rvUzuK0ygI4,Tabletop Games,109000000.0,7.0,14,2,Statement: other,False,False,False,False,False,False,False,False,False,False,False,False,False,False,False,True,False,False
cartoon,TheOdd1sOut,top,pO4DV5KZClk,Wrong Numbers,107000000.0,8.0,13,2,Statement: other,False,False,False,False,False,False,False,False,False,False,False,False,False,False,False,True,False,False
cartoon,TheOdd1sOut,top,ntHMsyr3R6w,My Thoughts on Roommates,104000000.0,10.0,24,4,Statement: other,False,False,False,False,False,False,False,False,False,False,False,False,False,False,False,True,False,False
cartoon,TheOdd1sOut,top,E-fakvMntAk,The Spiders and the Bees,103000000.0,7.0,24,5,Statement: The ...,False,False,False,False,False,True,False,False,False,False,False,False,False,False,False,True,False,False
cartoon,TheOdd1sOut,weak,Lo-PFoUhBZk,Why I STILL Love Comics,1400000.0,0.25,23,5,Statement: other,False,True,False,False,False,False,False,False,False,True,False,False,False,False,False,True,False,False
cartoon,TheOdd1sOut,weak,LtvsdBm0xbs,My Thoughts On Cleaning,3100000.0,0.3333333333333333,23,4,Statement: other,False,False,False,False,False,False,False,False,False,False,False,False,False,False,False,True,False,False
cartoon,TheOdd1sOut,weak,ppH2tdpwUGY,YouTube has Changed (me),3800000.0,0.057692307692307696,24,4,Statement: other,False,False,False,False,False,False,False,False,False,False,False,False,False,False,False,True,False,False
cartoon,JaidenAnimations,top,plSyrHqUh78,I Attempted my First Pokemon Nuzlocke,100000000.0,6.0,37,6,Statement: other,False,False,False,False,False,False,False,False,False,False,False,False,False,False,False,True,False,False
cartoon,JaidenAnimations,top,ejys3sT2LHw,I Attempted a Pokemon Platinum Nuzlocke,66000000.0,5.0,39,6,Statement: other,False,False,False,False,False,False,False,False,False,False,False,False,False,False,False,True,False,False
cartoon,JaidenAnimations,top,jJNgocrAbKA,The best pokemon game you never played,46000000.0,6.0,38,7,Statement: The ...,False,False,False,False,False,True,False,False,False,False,False,True,False,False,False,True,False,False
cartoon,JaidenAnimations,top,8OnWeYuLboA,Living with Ari,45000000.0,8.0,15,3,Statement: other,False,False,False,False,False,False,False,False,False,False,False,False,False,False,False,True,False,False
cartoon,JaidenAnimations,top,6E94j0Goo8A,My Childhood Obsession with Animals,45000000.0,7.0,35,5,Statement: other,False,False,False,False,False,False,False,False,False,False,False,False,False,False,False,True,False,False
cartoon,JaidenAnimations,top,e5dir37rPok,The History of my Hair,44000000.0,6.0,22,5,Statement: The ...,False,False,False,False,False,True,False,False,False,False,False,False,False,False,False,True,False,False
cartoon,JaidenAnimations,weak,qyP8arCDJk8,They put me in a video game...,4500000.0,2.0,30,7,Statement: other,False,False,False,False,False,False,False,False,False,False,False,False,False,False,False,True,False,False
cartoon,JaidenAnimations,weak,8gKJ9mMPuIQ,How I ended up Vegetarian.,5700000.0,0.3333333333333333,26,5,Statement: other,False,False,True,False,False,False,False,False,False,False,False,False,False,False,False,True,False,False
cartoon,JaidenAnimations,weak,pFr9k378yiM,I went to the Pokemon Cafe!,6700000.0,1.0,27,6,Statement: other,False,False,False,False,False,False,False,False,False,False,True,False,False,False,False,True,False,False
cartoon,Bobby Duke Arts,top,X1PQs0Yxauo,I Turn a Stainless Steel Bolt into a Beautiful little Hunting Knife,99000000.0,8.0,67,12,Statement: other,False,False,False,False,False,False,False,False,False,False,False,False,False,False,False,False,False,True
cartoon,Bobby Duke Arts,top,qpMnSO43MvQ,I Turn a Large Rusty Nail into a Beautiful little Sword,54000000.0,6.0,55,11,Statement: other,False,False,False,False,False,False,False,False,False,False,False,False,False,False,False,False,True,False
cartoon,Bobby Duke Arts,top,1oku3sKgE-E,"I Make Maui's Hook For Real, And It GLOWS IN THE DARK! Disney's Moana",19000000.0,9.0,69,14,Statement: other,False,False,False,False,False,False,False,False,False,True,True,False,False,True,False,False,False,True
cartoon,Bobby Duke Arts,top,16a1LttU5qc,I carve a pencil from a pencil from a pencil,18000000.0,8.0,44,10,Statement: other,False,False,False,False,False,False,False,False,False,False,False,False,False,False,False,False,True,False
cartoon,Bobby Duke Arts,top,VvrRDcpgm5o,I Turn A Bolt And Brass Key Into Another Little Hunting Knife (but this ones better),14000000.0,8.0,84,16,Statement: other,False,False,False,False,False,False,False,False,False,False,False,False,False,False,False,False,False,True
cartoon,Bobby Duke Arts,top,O5au9HWjKFM,I Turn An Old Hamster Into Stormbreaker From Infinity War!,12000000.0,8.0,58,10,Statement: other,False,False,False,False,False,False,False,False,False,False,True,False,False,False,False,False,True,False
cartoon,Bobby Duke Arts,weak,IdeMXT6FIMk,Epic Australian Island Survival and Art Challenge,122000.0,0.3333333333333333,49,7,Statement: other,False,False,False,False,False,False,False,False,False,False,False,False,False,False,False,False,True,False
cartoon,Bobby Duke Arts,weak,b9Hgy1XVC_I,I had my Daughters rate my Hairstyles,145000.0,0.9166666666666666,37,7,Statement: other,False,False,False,False,False,False,False,False,False,False,False,False,False,False,False,True,False,False
cartoon,Bobby Duke Arts,weak,kiQg34_DESc,Making a Miniature SWORD & SHEILD from ONE Railroad Spike (feat. JAZZA),266000.0,0.16666666666666666,71,11,Statement: other,False,False,False,False,False,False,False,False,False,True,False,False,False,False,False,False,False,True
cartoon,Domics,top,eNGgfPs0Xp8,Crushes,35000000.0,10.0,7,1,Statement: other,False,False,False,False,False,False,False,False,False,False,False,False,False,False,False,True,False,False
cartoon,Domics,top,Qmkn59N5SDg,Butts,22000000.0,12.0,5,1,Statement: other,False,False,False,False,False,False,False,False,False,False,False,False,False,False,False,True,False,False
cartoon,Domics,top,EU-eQpCqBXQ,Buying Used Things,22000000.0,8.0,18,3,Statement: other,False,False,False,False,False,False,False,False,False,False,False,False,False,False,False,True,False,False
cartoon,Domics,top,Rk011so6MUc,Asian Food,18000000.0,11.0,10,2,Statement: other,False,False,False,False,False,False,False,False,False,False,False,False,False,False,False,True,False,False
cartoon,Domics,top,lHdUFJCkAfQ,Growing Up Asian,17000000.0,8.0,16,3,Statement: other,False,False,False,False,False,False,False,False,False,False,False,False,False,False,False,True,False,False
cartoon,Domics,top,5MexiC6Vz58,Best Friend Zone,16000000.0,12.0,16,3,Statement: other,False,False,False,False,False,False,False,False,False,False,False,False,False,False,False,True,False,False
cartoon,Domics,weak,8uyrt6KWb-I,Jealousy ft. @BITHAPI @Ringo Tsuga,423000.0,0.5,34,5,Statement: other,False,False,False,False,False,False,False,False,False,True,False,False,False,False,False,True,False,False
cartoon,Domics,weak,Yi3n60XOisk,I can't do Scribble Showdown (in America...also Emirichu is subbing in),472000.0,4.0,71,12,Statement: other,False,False,False,False,False,False,False,False,False,False,False,False,False,False,False,False,False,True
cartoon,Domics,weak,ED32jgxnw8I,Gossip,593000.0,0.75,6,1,Statement: other,False,False,False,False,False,False,False,False,False,False,False,False,False,False,False,True,False,False
cartoon,Fascinating Horror,top,Spo4tzzKuD0,The Story of Travis the Chimp | A Short Documentary | Fascinating Horror,5600000.0,6.0,72,11,Statement with separator,False,False,False,False,False,True,False,False,True,False,False,False,False,False,False,False,False,True
cartoon,Fascinating Horror,top,EPaBRegvkuQ,The Sunshine Skyway Bridge Disaster | A Short Documentary | Fascinating Horror,4600000.0,3.0,78,10,Statement with separator,False,False,False,False,False,True,False,False,True,False,False,False,False,False,True,False,False,True
cartoon,Fascinating Horror,top,AY9pkJ8cDS0,The Story of Action Park | A Short Documentary | Fascinating Horror,4500000.0,6.0,67,10,Statement with separator,False,False,False,False,False,True,False,False,True,False,False,False,False,False,False,False,False,True
cartoon,Fascinating Horror,top,x1t0pzX6VzQ,A History of Falls Into The Grand Canyon | A Short Documentary | Fascinating Horror,4400000.0,5.0,83,13,Statement with separator,False,False,False,False,False,False,False,False,True,False,False,False,False,False,False,False,False,True
cartoon,Fascinating Horror,top,jWwPg8ruxfI,The Nutty Putty Caves | A Short Documentary | Fascinating Horror,4099999.0,6.0,64,9,Statement with separator,False,False,False,False,False,True,False,False,True,False,False,False,False,False,False,False,False,True
cartoon,Fascinating Horror,top,v2h4vw9cYP8,The Los Alfaques Disaster | A Short Documentary | Fascinating Horror,3400000.0,5.0,68,9,Statement with separator,False,False,False,False,False,True,False,False,True,False,False,False,False,False,True,False,False,True
cartoon,Fascinating Horror,weak,FTkmRF_TYRQ,COMPILATION: Fascinating Horror Shorts 31 - 60 | Fascinating Horror,74000.0,0.3333333333333333,67,8,Statement with separator,False,False,False,False,False,False,True,True,True,True,False,False,False,False,False,False,False,True
cartoon,Fascinating Horror,weak,I2u23NjkUbY,Distracted By The Scenery? The 1986 Grand Canyon Crash | Fascinating Horror,284000.0,0.3333333333333333,75,11,Q:other,True,False,False,False,False,False,True,False,True,False,False,False,False,False,True,False,False,True
cartoon,Fascinating Horror,weak,4LicmTggLfQ,The Rust Movie Set Accident | Fascinating Horror,289000.0,0.08333333333333333,48,7,Statement with separator,False,False,False,False,False,True,False,False,True,False,False,False,False,False,False,False,True,False
cartoon,Simple History,top,zvBiIvKUiOQ,Sniper Decoys: Dummy Heads,23000000.0,7.0,26,4,Statement with separator,False,False,False,False,False,False,False,True,True,False,False,False,False,False,False,True,False,False
cartoon,Simple History,top,GGPxesCB8ns,Schwerer Gustav  - Rail Super Gun (Behemoth),16000000.0,8.0,44,6,Statement with separator,False,False,False,False,False,False,False,False,True,False,False,False,False,False,False,False,True,False
cartoon,Simple History,top,b8AggbAVSNQ,The Medic Who fought a War without a Weapon,14000000.0,7.0,43,9,Statement: The ...,False,False,False,False,False,True,False,False,False,False,False,False,False,False,False,False,True,False
cartoon,Simple History,top,jgGp7Zvz5QA,How Long did a Person Stay Alive after being Guillotined?,11000000.0,6.0,57,10,Q:How,True,False,True,False,False,False,False,False,False,False,False,False,False,False,False,False,True,False
cartoon,Simple History,top,0B2w0abQazg,The Green Beret who went on a one man Rampage to save his Comrades,10000000.0,7.0,66,14,Statement: The ...,False,False,False,False,False,True,False,False,False,False,False,False,False,False,False,False,False,True
cartoon,Simple History,top,Xifl_sz8i6k,Punishments in the Congo Free State under Leopold II,10000000.0,4.0,52,9,Statement: other,False,False,False,False,False,False,False,False,False,False,False,False,False,False,False,False,True,False
cartoon,Simple History,weak,8f-leS-S8uA,Happy 250th Birthday to the USA!,33000.0,0.16666666666666666,32,6,Statement: other,False,False,False,False,False,False,True,False,False,False,True,False,False,False,False,True,False,False
cartoon,Simple History,weak,sW8ZEn4Ce2Y,Life inside M1 Abrams Cross Section,64000.0,0.16666666666666666,35,6,Statement: other,False,False,False,False,False,False,True,False,False,False,False,False,False,False,False,True,False,False
cartoon,Simple History,weak,ZLQ1WPGHcXg,Life inside a Bob Semple Tank Cross Section,78000.0,0.25,43,8,Statement: other,False,False,False,False,False,False,False,False,False,False,False,False,False,False,False,False,True,False
cartoon,kaptainkristian,top,dDMQ3tXNKgM,Superman - The Golden Age of Animation,1800000.0,10.0,38,6,Statement with separator,False,False,False,False,False,False,False,False,True,False,False,False,False,False,False,True,False,False
cartoon,kaptainkristian,top,Pkup4zo97E0,Adult Swim - The History of a Television Empire,1800000.0,10.0,47,8,Statement with separator,False,False,False,False,False,False,False,False,True,False,False,False,False,False,False,False,True,False
cartoon,kaptainkristian,top,QChWIFi8fOY,David Fincher - Invisible Details,1700000.0,9.0,33,4,Statement with separator,False,False,False,False,False,False,False,False,True,False,False,False,False,False,False,True,False,False
cartoon,kaptainkristian,top,5oltd-Jsi2I,Watchmen - Adapting The Unadaptable,1400000.0,10.0,35,4,Statement with separator,False,False,False,False,False,False,False,False,True,False,False,False,False,False,False,True,False,False
cartoon,kaptainkristian,top,Ws82rXrjBOI,Gorillaz - Deconstructing Genre,1300000.0,10.0,31,3,Statement with separator,False,False,False,False,False,False,False,False,True,False,False,False,False,False,False,True,False,False
cartoon,kaptainkristian,top,yceGT6lrn1Y,Futurama - The Science of Comedy,1300000.0,10.0,32,5,Statement with separator,False,False,False,False,False,False,False,False,True,False,False,False,False,False,False,True,False,False
cartoon,kaptainkristian,weak,b6b_uVA1ZSo,Van Gogh - Beauty in Suffering,31000.0,1.0,30,5,Statement with separator,False,False,False,False,False,False,False,False,True,False,False,False,False,False,False,True,False,False
cartoon,kaptainkristian,weak,01BrRGEzPaQ,When Tarantino Learned To Shut Up,64000.0,1.0,33,6,Statement: other,False,False,False,False,False,False,False,False,False,False,False,False,False,False,False,True,False,False
cartoon,kaptainkristian,weak,4O9RY2n-ckg,100 Years of History in 100 Films,73000.0,1.0,33,7,Statement: other,False,False,False,False,False,False,True,False,False,False,False,False,False,False,False,True,False,False
cartoon,History Matters,top,_1VoMLwb_oA,What Happened When Kamikaze Pilots Failed or Wimped Out? (Short Animated Documentary),10000000.0,6.0,85,12,Q:What,True,False,False,True,False,False,False,False,False,False,False,False,False,False,True,False,False,True
cartoon,History Matters,top,H5K4tq-9osc,Why does Russia Own Kaliningrad/ Königsberg? (Short Animated Documentary),6800000.0,7.0,73,10,Q:Why,True,True,False,False,False,False,False,False,False,False,False,False,False,False,False,False,False,True
cartoon,History Matters,top,uYiEXwti1_U,Why didn't Mao Conquer Taiwan? (Short Animated Documentary),6700000.0,6.0,59,8,Q:Why,True,True,False,False,False,False,False,False,False,False,False,False,False,False,False,False,True,False
cartoon,History Matters,top,k17KlonUDOM,Why did France Leave NATO? (Short Animated Documentary),6600000.0,5.0,55,8,Q:Why,True,True,False,False,False,False,False,False,False,True,False,False,False,False,False,False,True,False
cartoon,History Matters,top,F1rzd3eG7ps,Why don't Countries Formally Declare War Anymore? (Short Animated Documentary),6500000.0,6.0,78,10,Q:Why,True,True,False,False,False,False,False,False,False,False,False,False,False,False,False,False,False,True
cartoon,History Matters,top,BoR_k4Go9W8,Why did Russia sell Alaska to America? (Short Animated Documentary),6000000.0,7.0,67,10,Q:Why,True,True,False,False,False,False,False,False,False,False,False,False,False,False,False,False,False,True
cartoon,History Matters,weak,QFrzGhlRAkw,Why did the Treaty of Versailles Fail? (Short Animated Documentary),426000.0,0.16666666666666666,67,10,Q:Why,True,True,False,False,False,False,False,False,False,False,False,False,False,False,False,False,False,True
cartoon,History Matters,weak,49s1EHBzmFQ,When did the Cold War actually start? (Short Animated Documentary),463000.0,0.16666666666666666,66,10,Q:other,True,False,False,False,False,False,False,False,False,False,False,False,True,False,False,False,False,True
cartoon,History Matters,weak,0cxMrCykadY,Why wasn't Japan allowed to keep Taiwan after WW2? (Short Animated Documentary),526000.0,0.25,79,12,Q:Why,True,True,False,False,False,False,True,False,False,False,False,False,False,False,False,False,False,True
cartoon,StickTory,top,RB5OXgw6bvw,Why It Sucks to be Born as a Medieval Executioner,2100000.0,1.0,49,10,Statement: other,False,True,False,False,False,False,False,False,False,False,False,False,False,False,False,False,True,False
cartoon,StickTory,top,DPeag3UdOiE,Why it Sucked to Be a Medieval Blacksmith,1400000.0,1.0,41,8,Statement: other,False,True,False,False,False,False,False,False,False,False,False,False,False,False,False,False,True,False
cartoon,StickTory,top,5HM-n5sO9Xo,Why it Sucked to Be a Medieval Assassin,1300000.0,1.0,39,8,Statement: other,False,True,False,False,False,False,False,False,False,False,False,False,False,False,False,True,False,False
cartoon,StickTory,top,VLSZTPDKq30,Why it Sucked to Be an Egyptian Pharaoh,1200000.0,1.0,39,8,Statement: other,False,True,False,False,False,False,False,False,False,False,False,False,False,False,False,True,False,False
cartoon,StickTory,top,14ym3mefzEM,Why it Sucked to Be an Aztec Sacrifice Victim,1000000.0,1.0,45,9,Statement: other,False,True,False,False,False,False,False,False,False,False,False,False,False,False,False,False,True,False
cartoon,StickTory,top,k8YGIx-HWkw,Why it Sucks to Be an Egyptian Concubine,1000000.0,0.8333333333333334,40,8,Statement: other,False,True,False,False,False,False,False,False,False,False,False,False,False,False,False,True,False,False
cartoon,StickTory,weak,4suhtI2OLQE,Being a Templar Knight Explained in 12 Minutes,6400.0,0.08333333333333333,46,8,Statement: other,False,False,False,False,False,False,True,False,False,False,False,False,False,False,False,False,True,False
cartoon,StickTory,weak,4_c4vZfoHR8,Why It Sucked to Be the Medieval Executioner Who Missed,8800.0,0.08333333333333333,55,10,Statement: other,False,True,False,False,False,False,False,False,False,False,False,False,False,False,False,False,True,False
cartoon,StickTory,weak,xccoofPrOLM,Why it Sucked to Be a Wild West Bounty Hunter,18000.0,0.4166666666666667,45,10,Statement: other,False,True,False,False,False,False,False,False,False,False,False,False,False,False,False,False,True,False
cartoon,StickFigure Explains,top,Yh_7y2PYH1o,how to actually quit any addiction in 9 minutes (explained by a stick figure),4500000.0,2.0,77,14,Statement: other,False,False,True,False,False,False,True,False,False,False,False,False,True,False,False,False,False,True
cartoon,StickFigure Explains,top,8H-aGd_HlkM,how to unf*ck your life in 7 minutes explained by a stick figure,1700000.0,2.0,64,14,Statement: other,False,False,True,False,False,False,True,False,False,False,False,True,False,False,False,False,False,True
cartoon,StickFigure Explains,top,nCjUj0-zLC8,how to actually become disciplined in 9 minutes,1400000.0,2.0,47,8,Statement: other,False,False,True,False,False,False,True,False,False,False,False,False,True,False,False,False,True,False
cartoon,StickFigure Explains,top,MNoarzCs7Tc,how to ACTUALLY get your sh*t together in 11 minutes (explained by a stickfigure),126000.0,1.0,81,15,Statement: other,False,False,True,False,False,False,True,False,False,True,False,True,True,False,False,False,False,True
cartoon,StickFigure Explains,top,lu6yHzljTmg,how to actually get a personality in 5 mins (explained by a stick figure),52000.0,1.0,73,14,Statement: other,False,False,True,False,False,False,True,False,False,False,False,False,True,False,False,False,False,True
cartoon,StickFigure Explains,top,bjkVMJjOiok,how to quickly ruin the rest of your life in 2 minutes (explained by a stick figure),38000.0,2.0,84,17,Statement: other,False,False,True,False,False,False,True,False,False,False,False,True,False,False,False,False,False,True
cartoon,StickFigure Explains,weak,_N_q-ODjMIw,how to actually cure your social anxiety in 8 minutes (explained by a stick figure),7100.0,1.0,83,15,Statement: other,False,False,True,False,False,False,True,False,False,False,False,True,True,False,False,False,False,True
cartoon,StickFigure Explains,weak,ttgKmCgE8Jw,how to actually lock in for 2026 in under 7 minutes (explained by a stick figure),10000.0,1.0,81,16,Statement: other,False,False,True,False,False,False,True,False,False,False,False,False,True,False,False,False,False,True
cartoon,StickFigure Explains,weak,PEU4PCKvVV4,how to actually become happy in 8 minutes (explained by a stickfigure),11000.0,1.0,70,12,Statement: other,False,False,True,False,False,False,True,False,False,False,False,False,True,False,False,False,False,True
cartoon,Serious History,top,wSyqqTYqUKo,Extreme Vigilante Justice in History,7000000.0,0.5833333333333334,36,5,Statement: other,False,False,False,False,False,False,False,False,False,False,False,False,False,False,False,True,False,False
cartoon,Serious History,top,Yctn_C_6cF8,Most Epic Deaths in History,6400000.0,2.0,27,5,Statement: other,False,False,False,False,False,False,False,False,False,False,False,False,False,False,False,True,False,False
cartoon,Serious History,top,WolmBrbo9-U,Your Life as Miyamoto Musashi,3900000.0,1.0,29,5,Statement: other,False,False,False,False,False,False,False,False,False,False,False,True,False,False,False,True,False,False
cartoon,Serious History,top,7okOsptc4Tg,More Nice People Who Snapped in History,3600000.0,1.0,39,7,Statement: other,False,False,False,False,False,False,False,False,False,False,False,False,False,False,False,True,False,False
cartoon,Serious History,top,Aw72njNhTe0,When Nice People Snapped in History,3600000.0,1.0,35,6,Statement: other,False,False,False,False,False,False,False,False,False,False,False,False,False,False,False,True,False,False
cartoon,Serious History,top,tWegzv8Ob6o,The Greatest Last Stands in History,3200000.0,1.0,35,6,Statement: The ...,False,False,False,False,False,True,False,False,False,False,False,False,False,False,False,True,False,False
cartoon,Serious History,weak,IBgrhkeUnx4,The HUMILIATING Death of the Richest Man in Rome [Original Edit],134000.0,0.08333333333333333,64,11,Statement: The ...,False,False,False,False,False,True,False,False,False,True,False,False,False,False,False,False,False,True
cartoon,Serious History,weak,8wHfOW98vgI,The HUMILIATING Death of the Richest Man in Rome | Battle of Carrhae 53 BC,199000.0,0.08333333333333333,74,14,Statement with separator,False,False,False,False,False,True,True,False,True,True,False,False,False,False,False,False,False,True
cartoon,Serious History,weak,Nv4RssSwQ_E,When Peasants Fought Japan's Greatest Admiral | Battle of Tsushima 1905,410000.0,0.8333333333333334,71,10,Statement with separator,False,False,False,False,False,False,True,False,True,False,False,False,False,False,False,False,False,True
cartoon,Chat History,top,ESY-S37AgSQ,Truly EVIL Human Experiments That Actually Happened,9600000.0,2.0,51,7,Statement: other,False,False,False,False,False,False,False,False,False,True,False,False,True,False,False,False,True,False
cartoon,Chat History,top,ArrOpOpd-qs,Even More EVIL Human Experiments in History,3900000.0,2.0,43,7,Statement: other,False,False,False,False,False,False,False,False,False,True,False,False,False,False,False,False,True,False
cartoon,Chat History,top,2T-1x3F6buE,Why You Wouldn't Survive in Ancient Egypt,3800000.0,2.0,41,7,Statement: other,False,True,False,False,False,False,False,False,False,False,False,True,False,False,False,False,True,False
cartoon,Chat History,top,FlN0HgppYlo,History's Deadliest Snipers,3400000.0,1.0,27,3,Statement: other,False,False,False,False,False,False,False,False,False,False,False,False,False,False,False,True,False,False
cartoon,Chat History,top,lrwYDMYg2YU,The Most EMBARRASSING Royal Deaths in History,3300000.0,1.0,45,7,Statement: The ...,False,False,False,False,False,True,False,False,False,True,False,False,False,False,False,False,True,False
cartoon,Chat History,top,-K5JVE03paw,"Completely Wrong History ""Facts"" That You May Still Believe",3200000.0,1.0,59,9,Statement: other,False,False,False,False,False,False,False,False,False,False,False,True,False,False,False,False,True,False
cartoon,Chat History,weak,c3WqvBWC3Oo,The Unluckiest Deaths in History [Uncensored],219000.0,0.8333333333333334,45,6,Statement: The ...,False,False,False,False,False,True,False,False,False,False,False,False,False,False,False,False,True,False
cartoon,Chat History,weak,sfNzLafiBoM,History's Deadliest Sports That Would Get You Killed,507000.0,0.16666666666666666,52,8,Statement: other,False,False,False,False,False,False,False,False,False,False,False,True,False,False,False,False,True,False
cartoon,Chat History,weak,XfQadsp5b1I,The Weirdest Diseases in History That Actually Existed,623000.0,0.4166666666666667,54,8,Statement: The ...,False,False,False,False,False,True,False,False,False,False,False,False,True,False,False,False,True,False
cartoon,Zenn,top,st_Ah6Ykbh4,What Did Ancient Humans Do at Night?,8000000.0,0.4166666666666667,36,7,Q:What,True,False,False,True,False,False,False,False,False,False,False,False,False,False,False,True,False,False
cartoon,Zenn,top,LuCans9euxY,The Calhoun Effect,4900000.0,0.4166666666666667,18,3,Statement: The ...,False,False,False,False,False,True,False,False,False,False,False,False,False,False,False,True,False,False
cartoon,Zenn,top,royoy7-PyTw,Why You Can't Remember Being a Baby,1800000.0,0.4166666666666667,35,7,Statement: other,False,True,False,False,False,False,False,False,False,False,False,True,False,False,False,True,False,False
cartoon,Zenn,top,d8lMW1uDN4s,What Did Ancient Humans Actually Eat?,882000.0,0.4166666666666667,37,6,Q:What,True,False,False,True,False,False,False,False,False,False,False,False,True,False,False,True,False,False
cartoon,Zenn,top,_XYNsTvnU7E,What If WE Are The Aliens?,827000.0,0.4166666666666667,26,6,Q:What,True,False,False,True,False,False,False,False,False,False,False,False,False,False,False,True,False,False
cartoon,Zenn,top,IlCq6a0sDCk,Why Hasn't Anyone Raised the Titanic?,706000.0,0.4166666666666667,37,6,Q:Why,True,True,False,False,False,False,False,False,False,False,False,False,False,False,False,True,False,False
cartoon,Zenn,weak,rtbqlnD_VXg,Why Do Dogs Love Humans?,14000.0,0.25,24,5,Q:Why,True,True,False,False,False,False,False,False,False,False,False,False,False,False,False,True,False,False
cartoon,Zenn,weak,JuZh2rmD6m0,Why Nobody Smiled In Old Photos,16000.0,0.08333333333333333,31,6,Statement: other,False,True,False,False,False,False,False,False,False,False,False,False,False,False,False,True,False,False
cartoon,Zenn,weak,kGOJvM7HAp0,Why No Animal Has Ever Evolved A Wheel,17000.0,0.08333333333333333,38,8,Statement: other,False,True,False,False,False,False,False,False,False,False,False,False,False,False,False,True,False,False
cartoon,Axen,top,TQd2k1pEXp4,What Did Ancient Humans Do all Day Before Jobs Existed?,3300000.0,0.3333333333333333,55,10,Q:What,True,False,False,True,False,False,False,False,False,False,False,False,False,False,False,False,True,False
cartoon,Axen,top,2RJggsjlj4A,How Did Ancient Humans Survive the World's Deadliest Predators?,1300000.0,0.4166666666666667,63,9,Q:How,True,False,True,False,False,False,False,False,False,False,False,False,False,False,False,False,False,True
cartoon,Axen,top,wt_7Hp7d7I8,How Did Ancient Humans Survive Deadly Winters?,932000.0,0.25,46,7,Q:How,True,False,True,False,False,False,False,False,False,False,False,False,False,True,False,False,True,False
cartoon,Axen,top,lJVPvTGUftQ,How Did Ancient Humans Have Privacy?,271000.0,0.3333333333333333,36,6,Q:How,True,False,True,False,False,False,False,False,False,False,False,False,False,False,False,True,False,False
cartoon,Axen,top,9SmcjthU5Yk,Why Does the OCEAN Get Creepier the Deeper You Go?,156000.0,0.25,50,10,Q:Why,True,True,False,False,False,False,False,False,False,True,False,True,False,False,False,False,True,False
cartoon,Axen,top,pg60qyQQOOo,What Did Ancient Human Children Actually Do All Day?,45000.0,0.07692307692307693,52,9,Q:What,True,False,False,True,False,False,False,False,False,False,False,False,True,False,False,False,True,False
cartoon,Axen,weak,WetQfB8d49Y,You Are the Rarest Thing in the Universe,5800.0,0.08333333333333333,40,8,Statement: other,False,False,False,False,False,False,False,False,False,False,False,True,False,False,False,True,False,False
cartoon,Axen,weak,X0whahlmvfM,The CRAZIEST Survival Methods Ancient Humans Used Against Predators,6300.0,0.08333333333333333,67,9,Statement: The ...,False,False,False,False,False,True,False,False,False,True,False,False,False,False,False,False,False,True
cartoon,Axen,weak,1bKfsHbYBvo,"How Gross Was the Past, Really?",9100.0,0.08333333333333333,31,6,Q:How,True,False,True,False,False,False,False,False,False,False,False,False,True,False,False,True,False,False
cartoon,Hypothetically,top,xPzwR_Y698o,What It's Like to Be a Black Market Surgeon,6100000.0,0.5833333333333334,43,9,Statement: other,False,False,False,True,False,False,False,False,False,False,False,False,False,False,False,False,True,False
cartoon,Hypothetically,top,24VpqQN2gfY,Your Life as Every Rank in the Italian Mafia,2900000.0,0.75,44,9,Statement: other,False,False,False,False,False,False,False,False,False,False,False,True,False,False,False,False,True,False
cartoon,Hypothetically,top,OPjgV5spyWM,POV: You're a Trillionaire,2800000.0,0.4166666666666667,26,4,Statement with separator,False,False,False,False,False,False,False,True,True,True,False,True,False,False,False,True,False,False
cartoon,Hypothetically,top,_mV6X5Fbpys,What It's Like to be Every Yakuza Rank,1800000.0,0.6666666666666666,38,8,Statement: other,False,False,False,True,False,False,False,False,False,False,False,False,False,False,False,True,False,False
cartoon,Hypothetically,top,UchQEgBmp0M,What Every Level of Wealth ACTUALLY Feels Like,1700000.0,1.0,46,8,Statement: other,False,False,False,True,False,False,False,False,False,True,False,False,True,False,False,False,True,False
cartoon,Hypothetically,top,kz1AQHltnbQ,POV: You're a Cartel Accountant,1500000.0,0.75,31,5,Statement with separator,False,False,False,False,False,False,False,True,True,True,False,True,False,False,False,True,False,False
cartoon,Hypothetically,weak,A5mmQQiywfg,What It Was Like to be a Scammer in 1889,96000.0,0.5833333333333334,40,10,Statement: other,False,False,False,True,False,False,True,False,False,False,False,False,False,False,False,True,False,False
cartoon,Hypothetically,weak,3MrJIFKO-94,What Organ Trafficking Is ACTUALLY Like,97000.0,0.16666666666666666,39,6,Statement: other,False,False,False,True,False,False,False,False,False,True,False,False,True,False,False,True,False,False
cartoon,Hypothetically,weak,o83MjZlCzM8,What It Was Like to Be Every Spartan Rank,109000.0,0.5833333333333334,41,9,Statement: other,False,False,False,True,False,False,False,False,False,False,False,False,False,False,False,False,True,False
cartoon,Bernard,top,BNHe5KNOW6A,Why It Sucks to Be an Empress (in Ming Dynasty),2500000.0,0.75,47,10,Statement: other,False,True,False,False,False,False,False,False,False,False,False,False,False,False,False,False,True,False
cartoon,Bernard,top,cRLms6VtmXM,Why It Sucks to Be a Pleasure Slave (in Ancient Egypt),2100000.0,0.6666666666666666,54,11,Statement: other,False,True,False,False,False,False,False,False,False,False,False,False,False,False,False,False,True,False
cartoon,Bernard,top,HMsbA6Tp0A8,Why It Sucks to Be a Brothel Boy (in Qing Dynasty),2000000.0,1.0,50,11,Statement: other,False,True,False,False,False,False,False,False,False,False,False,False,False,False,False,False,True,False
cartoon,Bernard,top,Rq1Ur77iFhY,Why It Sucks to Be a Nun (in Medieval Times),2000000.0,0.75,44,10,Statement: other,False,True,False,False,False,False,False,False,False,False,False,False,False,False,False,False,True,False
cartoon,Bernard,top,z3tRvJNMd1U,Why It Sucks to Be a Breeding Slave (in Ancient Rome),1900000.0,0.25,53,11,Statement: other,False,True,False,False,False,False,False,False,False,False,False,False,False,False,False,False,True,False
cartoon,Bernard,top,IPjDANjdNX0,Why It Sucks to Be a Brothers' SHARED Wife (in Ancient Tibet),1600000.0,0.08333333333333333,61,12,Statement: other,False,True,False,False,False,False,False,False,False,True,False,False,False,False,False,False,False,True
cartoon,Bernard,weak,9YRKhK6EeFU,Why It Sucks to Be a Court Dwarf (in Holy Roman Empire),130000.0,0.16666666666666666,55,12,Statement: other,False,True,False,False,False,False,False,False,False,False,False,False,False,False,False,False,True,False
cartoon,Bernard,weak,Q4e3Ze8YM2M,Why It Sucks to Be the Emperor's Daughter (in Ancient Rome),199000.0,0.08333333333333333,59,11,Statement: other,False,True,False,False,False,False,False,False,False,False,False,False,False,False,False,False,True,False
cartoon,Bernard,weak,BL5c1ErHZL0,Why It Sucks to Be an Oracle of Delphi (in Ancient Greece),281000.0,0.16666666666666666,58,12,Statement: other,False,True,False,False,False,False,False,False,False,False,False,False,False,False,False,False,True,False
cartoon,Animated History,top,pBJpDpMqigw,1500 Years of Russian History in 30 Minutes,1100000.0,0.25,43,8,Statement: other,False,False,False,False,False,False,True,False,False,False,False,False,False,False,False,False,True,False
cartoon,Animated History,top,J8GcGn7QDTQ,2000 Years of Israel History in 35 Minutes,1000000.0,0.08333333333333333,42,8,Statement: other,False,False,False,False,False,False,True,False,False,False,False,False,False,False,False,False,True,False
cartoon,Animated History,top,sAkHm4rjRyM,2000 Years of A Secret North Korea History in 14 Minutes,941000.0,0.75,56,11,Statement: other,False,False,False,False,False,False,True,False,False,False,False,False,False,True,False,False,True,False
cartoon,Animated History,top,1YwJLkC4tm4,1600 Years of Chaotic British History in 17 Minutes,888000.0,0.8333333333333334,51,9,Statement: other,False,False,False,False,False,False,True,False,False,False,False,False,False,False,False,False,True,False
cartoon,Animated History,top,bu_FBw9NmUc,The ENTIRE American Civil War Explained in 23 Minutes,873000.0,0.4166666666666667,53,9,Statement: The ...,False,False,False,False,False,True,True,False,False,True,False,False,False,False,False,False,True,False
cartoon,Animated History,top,wuhnBi8jNl0,4000 Years of Chinese History in 25 Minutes,793000.0,0.08333333333333333,43,8,Statement: other,False,False,False,False,False,False,True,False,False,False,False,False,False,False,False,False,True,False
cartoon,Animated History,weak,amaJFF8M220,527 Years of Venezuelan History in 35 Minutes,67000.0,0.16666666666666666,45,8,Statement: other,False,False,False,False,False,False,True,False,False,False,False,False,False,False,False,False,True,False
cartoon,Animated History,weak,iV6KAmHb04o,The American History They Never Taught You,127000.0,0.16666666666666666,42,7,Statement: The ...,False,False,False,False,False,True,False,False,False,False,False,True,False,False,False,False,True,False
cartoon,Animated History,weak,a87VGnzNNQk,Why Latin America Never Became One Country,304000.0,0.3333333333333333,42,7,Statement: other,False,True,False,False,False,False,False,False,False,False,False,False,False,False,False,False,True,False
cartoon,HUMAN-ISH,top,xkr2DJ_dlWI,What Did Ancient Humans Do When Someone Got Pregnant?,548000.0,0.3333333333333333,53,9,Q:What,True,False,False,True,False,False,False,False,False,False,False,False,False,False,False,False,True,False
cartoon,HUMAN-ISH,top,gwfVHLrrkzE,How Did Ancient Humans Survive Without Doctors?,12000.0,0.3333333333333333,47,7,Q:How,True,False,True,False,False,False,False,False,False,False,False,False,False,False,False,False,True,False
cartoon,HUMAN-ISH,top,DmaqzzUszEs,What Happened When Two Different Human Species Met for the First Time?,11000.0,0.25,70,12,Q:What,True,False,False,True,False,False,False,False,False,False,False,False,False,False,False,False,False,True
cartoon,HUMAN-ISH,top,4HMsBQr61r4,How Did Ancient Mothers Raise Their Children?,5900.0,0.25,45,7,Q:How,True,False,True,False,False,False,False,False,False,False,False,False,False,False,False,False,True,False
cartoon,HUMAN-ISH,top,cS3EJeLH0P8,What Did Ancient Humans Do With Orphans?,5800.0,0.25,40,7,Q:What,True,False,False,True,False,False,False,False,False,False,False,False,False,False,False,True,False,False
cartoon,HUMAN-ISH,top,Fsg3Viiab20,How Did Ancient Humans Handle a Failed Pregnancy?,4400.0,0.25,49,8,Q:How,True,False,True,False,False,False,False,False,False,False,False,False,False,False,True,False,True,False
cartoon,HUMAN-ISH,weak,Edmgz6cmi_A,Why Did Ancient Humans Eat Rotten Meat?,111.0,0.16666666666666666,39,7,Q:Why,True,True,False,False,False,False,False,False,False,False,False,False,False,False,False,True,False,False
cartoon,HUMAN-ISH,weak,yCXzwsIqfp0,Why Do We Hiccup Like a 375 Million Year Old Fish?,120.0,0.16666666666666666,50,11,Q:Why,True,True,False,False,False,False,True,False,False,False,False,False,False,False,False,False,True,False
cartoon,HUMAN-ISH,weak,9jImQqkXJC4,What If Babies Are Manipulating You?,129.0,0.25,36,6,Q:What,True,False,False,True,False,False,False,False,False,False,False,True,False,False,False,True,False,False
cartoon,Andy R Animations,top,uCObwsXbSeU,Apollo 13: What Went Wrong,1700000.0,1.0,26,5,Statement with separator,False,False,False,False,False,False,True,True,True,False,False,False,False,False,False,True,False,False
cartoon,Andy R Animations,top,ClqManZyP1M,How Backrooms Videos Are Made,1400000.0,3.0,29,5,Statement: other,False,False,True,False,False,False,False,False,False,False,False,False,False,False,False,True,False,False
cartoon,Andy R Animations,top,TfFQYECY6Uo,Backrooms - Mall Run,882000.0,3.0,20,3,Statement with separator,False,False,False,False,False,False,False,False,True,False,False,False,False,False,False,True,False,False
cartoon,Andy R Animations,top,oaQ8UXlKDiw,Backrooms - Outpost,783000.0,3.0,19,2,Statement with separator,False,False,False,False,False,False,False,False,True,False,False,False,False,False,False,True,False,False
cartoon,Andy R Animations,top,-U7LPMkMJp0,Backrooms Movie - Surveillance,430000.0,1.0,30,3,Statement with separator,False,False,False,False,False,False,False,False,True,False,False,False,False,False,False,True,False,False
cartoon,Andy R Animations,top,pWukb3wIqb4,Backrooms - Path,326000.0,3.0,16,2,Statement with separator,False,False,False,False,False,False,False,False,True,False,False,False,False,False,False,True,False,False
cartoon,Andy R Animations,weak,_Ke4t2ZjpOE,Andy R Animations - Trouble in Orbit [Music Visualizer] (Copyright Free),6300.0,0.16666666666666666,72,10,Statement with separator,False,False,False,False,False,False,False,False,True,False,False,False,False,False,False,False,False,True
cartoon,Andy R Animations,weak,ND8znghxe1Q,Minecraft: Skylands [Episode 1] - Pilot,8500.0,0.9166666666666666,39,5,Statement with separator,False,False,False,False,False,False,True,True,True,False,False,False,False,False,False,True,False,False
cartoon,Andy R Animations,weak,zcx_jPjrmJA,Spider Fortress [Blender Animation],11000.0,4.0,35,4,Statement: other,False,False,False,False,False,False,False,False,False,False,False,False,False,False,False,True,False,False
cartoon,Joseph Engineering,top,GsjAjlTnLNg,How Did the Baltimore Bridge Collapse - Animated,689000.0,2.0,48,7,Statement with separator,False,False,True,False,False,False,False,False,True,False,False,False,False,False,True,False,True,False
cartoon,Joseph Engineering,top,ZIeInMU5oso,Why Some Bridges Are Hollow?,94000.0,3.0,28,5,Q:Why,True,True,False,False,False,False,False,False,False,False,False,False,False,False,False,True,False,False
cartoon,Joseph Engineering,top,qauDaKB62e0,The Strait of Messina Bridge: Engineering's Greatest Test,87000.0,2.0,57,8,Statement with separator,False,False,False,False,False,True,False,True,True,False,False,False,False,False,False,False,True,False
cartoon,Joseph Engineering,top,pSbyFKl-zWE,The Fascinating Engineering Behind Prestressed Concrete,55000.0,1.0,55,6,Statement: The ...,False,False,False,False,False,True,False,False,False,False,False,False,False,False,False,False,True,False
cartoon,Joseph Engineering,top,xB8IpYLFna8,How Roman Arches Changed Engineering,52000.0,2.0,36,5,Statement: other,False,False,True,False,False,False,False,False,False,False,False,False,False,False,False,True,False,False
cartoon,Joseph Engineering,top,g37pKBl3DfE,The Bridge That Had To Close After Opening Day,43000.0,2.0,46,9,Statement: The ...,False,False,False,False,False,True,False,False,False,False,False,False,False,False,False,False,True,False
cartoon,Joseph Engineering,weak,B-ZIEsW27Ac,Can I Build A Miniature Skyscraper That Actually Behaves Like A Real One?,145.0,0.3333333333333333,73,13,Q:Yes/no,True,False,False,False,True,False,False,False,False,False,False,False,True,False,False,False,False,True
cartoon,Joseph Engineering,weak,KCL61KU-A14,The Tragic Story Of The World's First Ferris Wheel,296.0,0.16666666666666666,50,9,Statement: The ...,False,False,False,False,False,True,False,False,False,False,False,False,False,False,False,False,True,False
cartoon,Joseph Engineering,weak,_0ovywQK81M,How Do You Rebuild a Bridge a Ship Destroyed in Seconds?,335.0,0.4166666666666667,56,11,Q:How,True,False,True,False,False,False,False,False,False,False,False,True,False,False,False,False,True,False
cartoon,JarToon,top,L698u3f92eE,The ENTIRE Story of Clarence in 43 Minutes!,7700000.0,3.0,43,8,Statement: The ...,False,False,False,False,False,True,True,False,False,True,True,False,False,False,False,False,True,False
cartoon,JarToon,top,nJ4rdFPlP2Y,The ENTIRE Story of Codename: Kids Next Door in 27 Minutes,7100000.0,3.0,58,11,Statement with separator,False,False,False,False,False,True,True,True,True,True,False,False,False,False,False,False,True,False
cartoon,JarToon,top,fDm6XARriHU,The ENTIRE Story of Adventure Time in 86 Minutes,6100000.0,3.0,48,9,Statement: The ...,False,False,False,False,False,True,True,False,False,True,False,False,False,False,False,False,True,False
cartoon,JarToon,top,I5Psjc0r0Kk,The ENTIRE Story of Steven Universe in 95 Minutes!,6100000.0,3.0,50,9,Statement: The ...,False,False,False,False,False,True,True,False,False,True,True,False,False,False,False,False,True,False
cartoon,JarToon,top,5vsMjAkxagM,The ENTIRE Story of Gumball in 45 Minutes,5400000.0,3.0,41,8,Statement: The ...,False,False,False,False,False,True,True,False,False,True,False,False,False,False,False,False,True,False
cartoon,JarToon,top,s4IYUvDUlkA,The ENTIRE Story of Courage the Cowardly Dog in 36 Minutes,4400000.0,3.0,58,11,Statement: The ...,False,False,False,False,False,True,True,False,False,True,False,False,False,False,False,False,True,False
cartoon,JarToon,weak,3-I9dC26U4M,The ENTIRE Story of The White Lotus (so far) in 94 Minutes,45000.0,0.08333333333333333,58,12,Statement: The ...,False,False,False,False,False,True,True,False,False,True,False,False,False,False,False,False,True,False
cartoon,JarToon,weak,NfkjIm8xC8k,The ENTIRE Story of House of the Dragon (Season 3) in 67 Minutes,48000.0,0.08333333333333333,64,13,Statement: The ...,False,False,False,False,False,True,True,False,False,True,False,False,False,False,False,False,False,True
cartoon,JarToon,weak,mrPbmutxzhk,The ENTIRE Story of THE BOYS (Season 5) in 41 Minutes,55000.0,0.057692307692307696,53,11,Statement: The ...,False,False,False,False,False,True,True,False,False,True,False,False,False,False,False,False,True,False
cartoon,Professor Of How,top,LOseXT3rChI,How Grenade Works? 3D Animation 60fps (In Hindi) | ग्रेनेड काम कैसे करता है?,30000000.0,6.0,76,8,Q:How,True,False,True,False,False,False,True,False,True,False,False,False,False,False,False,False,False,True
cartoon,Professor Of How,top,hseL_dR05PI,ऐसे हुई थी Osama Bin Laden की हत्या…😱 (3D Animation),27000000.0,2.0,52,5,Statement: other,False,False,False,False,False,False,True,False,False,False,False,False,False,False,False,False,True,False
cartoon,Professor Of How,top,L7UT-KuUzdA,ऐसे हुई थी Rajiv Gandhi की हत्या…😱 (3D Animation),25000000.0,2.0,49,4,Statement: other,False,False,False,False,False,False,True,False,False,False,False,False,False,False,False,False,True,False
cartoon,Professor Of How,top,_np1v6pr_74,ऐसे हुई थी Indira Gandhi की हत्या...😱,24000000.0,3.0,37,2,Statement: other,False,False,False,False,False,False,False,False,False,False,False,False,False,False,False,True,False,False
cartoon,Professor Of How,top,_wcK7uHBHiQ,Is Indian Prime Minister Safe? (3D Animation),20000000.0,2.0,45,7,Q:Yes/no,True,False,False,False,True,False,True,False,False,False,False,False,False,False,False,False,True,False
cartoon,Professor Of How,top,0G0vq3tVAKE,How Coronavirus Kills? Medical 3D Animation (60FPS),16000000.0,6.0,51,7,Q:How,True,False,True,False,False,False,True,False,False,False,False,False,False,False,False,False,True,False
cartoon,Professor Of How,weak,oTR5U_G5P-I,"If I Started a YouTube Channel in 2026, I'd Do This",846000.0,0.3333333333333333,51,11,Statement: other,False,False,False,False,False,False,True,False,False,False,False,False,False,False,False,False,True,False
cartoon,Professor Of How,weak,I_LrKnoJk5c,Were Bengal Elections Actually Fair?,1000000.0,0.3333333333333333,36,5,Q:Yes/no,True,False,False,False,True,False,False,False,False,False,False,False,True,False,False,True,False,False
cartoon,Professor Of How,weak,GZv__INkmSI,How Can a Hospital Do This? | India’s SCARIEST Cases | Professor Of How,1000000.0,0.8333333333333334,71,12,Q:How,True,False,True,False,False,False,False,False,True,True,False,False,False,False,False,False,False,True
cartoon,ClipperFlipper,top,8GfRo_IKlEA,⚓ALL Famous Ships Sink Like Titanic | Compilation,6200000.0,1.0,49,7,Statement with separator,False,False,False,False,False,False,False,False,True,True,False,False,False,False,False,False,True,False
cartoon,ClipperFlipper,top,tMvpB6cBjYk,⚓Titanic VS Iceberg at Different Speeds,4600000.0,1.0,39,6,Statement: other,False,False,False,False,False,False,False,False,False,False,False,False,False,False,False,True,False,False
cartoon,ClipperFlipper,top,uw9d-_8Kcbg,RMS Titanic Restoration,2700000.0,1.0,23,3,Statement: other,False,False,False,False,False,False,False,False,False,False,False,False,False,False,False,True,False,False
cartoon,ClipperFlipper,top,7Gm4GVE22RA,⚓All Titanic Sinking Theories | Animation,2500000.0,1.0,41,5,Statement with separator,False,False,False,False,False,False,False,False,True,False,False,False,False,False,True,False,True,False
cartoon,ClipperFlipper,top,NiKlkSNeevA,HUMANTANIC Level Up | | Ship Animation,2500000.0,0.5833333333333334,38,5,Statement with separator,False,False,False,False,False,False,False,False,True,True,False,False,False,False,False,True,False,False
cartoon,ClipperFlipper,top,cEIcYvtwDFA,History of HUMANTANIC | Ship Animation,2300000.0,1.0,38,5,Statement with separator,False,False,False,False,False,False,False,False,True,True,False,False,False,False,False,True,False,False
cartoon,ClipperFlipper,weak,DdtX-oujgnQ,The Most American Titanic | Ship Animation,46000.0,0.08333333333333333,42,6,Statement with separator,False,False,False,False,False,True,False,False,True,False,False,False,False,False,False,False,True,False
cartoon,ClipperFlipper,weak,ZM674oIPk1o,RMS Titanic Sinking on Moon | Animation,49000.0,0.5,39,6,Statement with separator,False,False,False,False,False,False,False,False,True,False,False,False,False,False,True,True,False,False
cartoon,ClipperFlipper,weak,Tq3YiiIT23M,⚓ Ships vs Reef | Animation,52000.0,0.25,27,4,Statement with separator,False,False,False,False,False,False,False,False,True,False,False,False,False,False,False,True,False,False
cartoon,Plainly Difficult,top,VP8DD9TGNlU,The Dark side of Science: The Horror of the Ape and The Child Experiment 1932 (Short Documentary),9600000.0,4.0,97,17,Statement with separator,False,False,False,False,False,True,True,True,True,False,False,False,False,True,False,False,False,True
cartoon,Plainly Difficult,top,VE8FnsnWz48,A Brief History of: The Demon Core (Short Documentary),7900000.0,7.0,54,9,Statement with separator,False,False,False,False,False,False,False,True,True,False,False,False,False,False,False,False,True,False
cartoon,Plainly Difficult,top,T-O7iz0Jat8,The Dark Side of Science: The Little Albert Experiment (Short Documentary ),5300000.0,5.0,75,11,Statement with separator,False,False,False,False,False,True,False,True,True,False,False,False,False,True,False,False,False,True
cartoon,Plainly Difficult,top,u1MDFdk5FEI,"The Dark side of Science: The Lobotomy, the worst surgery in history? (Documentary)",5100000.0,4.0,83,13,Q:other,True,False,False,False,False,True,False,True,True,False,False,False,False,True,False,False,False,True
cartoon,Plainly Difficult,top,54tK1GWrQsg,The Dark Side of Science: The Bobo Doll Experiment 1963 (Short Documentary),4400000.0,5.0,75,12,Statement with separator,False,False,False,False,False,True,True,True,True,False,False,False,False,True,False,False,False,True
cartoon,Plainly Difficult,top,IkBJU8BbrUs,Part 1 The Chernobyl Disaster Explained 1986  | A Brief History of Documentary,2900000.0,5.0,78,12,Statement with separator,False,False,False,False,False,False,True,False,True,False,False,False,False,False,True,False,False,True
cartoon,Plainly Difficult,weak,P442G78mVrw,The Birth of Diversity Equality and Inclusion Training: The Blue Eyes/ Brown Eyes Experiment,65000.0,0.16666666666666666,92,14,Statement with separator,False,False,False,False,False,True,False,True,True,False,False,False,False,False,False,False,False,True
cartoon,Plainly Difficult,weak,AePs4QOHnGU,Year 9 Of Plainly Difficult Documentaries,72000.0,0.057692307692307696,41,6,Statement: other,False,False,False,False,False,False,True,False,False,False,False,False,False,False,False,False,True,False
cartoon,Plainly Difficult,weak,ZYs7e9GEtX0,The Insane SPERT Nuclear Reactor Meltdown Test | Plainly Difficult Radiation Documentary,109000.0,0.25,88,11,Statement with separator,False,False,False,False,False,True,False,False,True,True,False,False,False,True,True,False,False,True
cartoon,The Infographics Show,top,vLaErMfgJ8Q,What Happens When You Die?,27000000.0,8.0,26,5,Q:What,True,False,False,True,False,False,False,False,False,False,False,True,False,False,False,True,False,False
cartoon,The Infographics Show,top,8eq2vGEEbB4,Russian Sleep Experiment - EXPLAINED,22000000.0,6.0,36,4,Statement with separator,False,False,False,False,False,False,False,False,True,True,False,False,False,False,False,True,False,False
cartoon,The Infographics Show,top,knjliFs3gR8,How SEAL Team Took Down Osama bin Laden (Minute by Minute),20000000.0,4.0,58,11,Statement: other,False,False,True,False,False,False,False,False,False,True,False,False,False,False,False,False,True,False
cartoon,The Infographics Show,top,ww_FFS8yjlc,What Happens to Your Body While You Are Having Sex?,19000000.0,8.0,51,10,Q:What,True,False,False,True,False,False,False,False,False,False,False,True,False,False,False,False,True,False
cartoon,The Infographics Show,top,OZ_xhkg32nk,How They Caught Serial Killer Ted Bundy,17000000.0,5.0,39,7,Statement: other,False,False,True,False,False,False,False,False,False,False,False,False,False,False,False,True,False,False
cartoon,The Infographics Show,top,48oOpnKxXtk,Most Viewed The Infographics Show Videos of 2019 - Compilation,15000000.0,6.0,62,9,Statement with separator,False,False,False,False,False,False,True,False,True,False,False,False,False,False,False,False,False,True
cartoon,Wendover Productions,top,c0pS3Zx7Fc8,Cities at Sea: How Aircraft Carriers Work,14000000.0,7.0,41,7,Statement with separator,False,False,False,False,False,False,False,True,True,False,False,False,False,False,False,False,True,False
cartoon,Wendover Productions,top,GiBF6v5UAAE,China's Geography Problem,12000000.0,8.0,25,3,Statement: other,False,False,False,False,False,False,False,False,False,False,False,False,False,False,False,True,False,False
cartoon,Wendover Productions,top,YJRqB1xtIxg,"The US President's $2,614 Per Minute Transport System",12000000.0,9.0,53,9,Statement: The ...,False,False,False,False,False,True,True,False,False,False,False,False,False,False,False,False,True,False
cartoon,Wendover Productions,top,BzB5xtGGsTc,The Economics of Airline Class,12000000.0,9.0,30,5,Statement: The ...,False,False,False,False,False,True,False,False,False,False,False,False,False,False,False,True,False,False
cartoon,Wendover Productions,top,gdy0gBVWAzE,Living Underwater: How Submarines Work,11000000.0,7.0,38,5,Statement with separator,False,False,False,False,False,False,False,True,True,False,False,False,False,False,False,True,False,False
cartoon,Wendover Productions,top,b4wRdoWpw0w,The Failed Logistics of Russia's Invasion of Ukraine,10000000.0,4.0,52,8,Statement: The ...,False,False,False,False,False,True,False,False,False,False,False,False,False,False,True,False,True,False
cartoon,Wendover Productions,weak,LU58bHm7GlE,One Piece of News From Every Country in the World (Pt 2),261000.0,0.6666666666666666,56,12,Statement: other,False,False,False,False,False,False,True,False,False,False,False,False,False,False,False,False,True,False
cartoon,Wendover Productions,weak,dzmoALgtB1Q,Why Texas Wins,530000.0,0.08333333333333333,14,3,Statement: other,False,True,False,False,False,False,False,False,False,False,False,False,False,False,False,True,False,False
cartoon,Wendover Productions,weak,fiG1MZATT3M,One Piece of News From Every Country in the World,540000.0,0.75,49,10,Statement: other,False,False,False,False,False,False,False,False,False,False,False,False,False,False,False,False,True,False
cartoon,Half as Interesting,top,M16CGK1T9MM,Why Photos of the Eiffel Tower at Night are Illegal,12000000.0,8.0,51,10,Statement: other,False,True,False,False,False,False,False,False,False,False,False,False,False,False,False,False,True,False
cartoon,Half as Interesting,top,gwVmE8gcqrg,How to Decode Credit Card Numbers,8700000.0,5.0,33,6,Statement: other,False,False,True,False,False,False,False,False,False,False,False,False,False,False,False,True,False,False
cartoon,Half as Interesting,top,8-u5nd2GqNE,The Secret Protocol for When the Queen Dies,8500000.0,8.0,43,8,Statement: The ...,False,False,False,False,False,True,False,False,False,False,False,False,False,True,False,False,True,False
cartoon,Half as Interesting,top,o1bIKvHDNWI,What's the Longest Drivable Distance on Earth?,8100000.0,9.0,46,7,Q:other,True,False,False,False,False,False,False,False,False,False,False,False,False,False,False,False,True,False
cartoon,Half as Interesting,top,vh6zanS_epw,The Glitch That Kept Sending The FBI To A Tiny Kansas Farm,7400000.0,4.0,58,12,Statement: The ...,False,False,False,False,False,True,False,False,False,False,False,False,False,False,False,False,True,False
cartoon,Half as Interesting,top,WQYsmZ6AJdY,The US Army’s Universal Camouflage: A Terrible Mistake,7400000.0,3.0,54,8,Statement with separator,False,False,False,False,False,True,False,True,True,False,False,False,False,False,False,False,True,False
cartoon,Half as Interesting,weak,OGjBA4kv89U,Why This NYC Skyscraper Has Been Half-Finished Since 2018,173000.0,0.25,57,10,Statement: other,False,True,False,False,False,False,True,False,False,False,False,False,False,False,False,False,True,False
cartoon,Half as Interesting,weak,umNgsvBnyVs,How Forensic Linguistics Works,190000.0,0.3333333333333333,30,4,Statement: other,False,False,True,False,False,False,False,False,False,False,False,False,False,False,False,True,False,False
cartoon,Half as Interesting,weak,_0U0YWsuFpU,Why This River Doesn’t Reach the Ocean,221000.0,0.4166666666666667,38,7,Statement: other,False,True,False,False,False,False,False,False,False,False,False,False,False,False,False,True,False,False
cartoon,PolyMatter,top,5Wq0yv73NpY,Zimbabwe’s Currency Crisis: the worthless $100 trillion bill,7600000.0,6.0,60,8,Statement with separator,False,False,False,False,False,False,True,True,True,False,False,False,False,False,False,False,True,False
cartoon,PolyMatter,top,yloJi635Ya8,Apple's Money Problem (& Why It Won't Buy Netflix),5800000.0,8.0,50,8,Statement: other,False,False,False,False,False,False,False,False,False,False,False,False,False,False,False,False,True,False
cartoon,PolyMatter,top,Fg7jIjmLyWs,Why China Ended its One-Child Policy,5200000.0,7.0,36,7,Statement: other,False,True,False,False,False,False,False,False,False,False,False,False,False,False,False,True,False,False
cartoon,PolyMatter,top,ZY1BFv8qEeM,How Cruise Ships Work,5100000.0,8.0,21,4,Statement: other,False,False,True,False,False,False,False,False,False,False,False,False,False,False,False,True,False,False
cartoon,PolyMatter,top,YDvXOHjV4UM,How North Korea Makes Money,5000000.0,6.0,27,5,Statement: other,False,False,True,False,False,False,False,False,False,False,False,False,False,False,False,True,False,False
cartoon,PolyMatter,top,mviTS_cIWXg,Why Bing Isn't a Failure (& the Future of the Internet),4700000.0,8.0,55,10,Statement: other,False,True,False,False,False,False,False,False,False,False,False,False,False,False,True,False,True,False
cartoon,PolyMatter,weak,Y2v6rAK6pZs,Can Switzerland Stay Neutral?,112000.0,0.3333333333333333,29,4,Q:Yes/no,True,False,False,False,True,False,False,False,False,False,False,False,False,False,False,True,False,False
cartoon,PolyMatter,weak,GpflQtqkQZ0,Are America’s Students Falling Behind?,123000.0,0.6666666666666666,38,5,Q:Yes/no,True,False,False,False,True,False,False,False,False,False,False,False,False,False,False,True,False,False
cartoon,PolyMatter,weak,E8e2sKgMbJA,Why Nepal Just Overthrew its Government,138000.0,0.8333333333333334,39,6,Statement: other,False,True,False,False,False,False,False,False,False,False,False,False,False,False,False,True,False,False
cartoon,Mustard,top,s9FCCiEs84k,Mustard – Ballin feat. Roddy Ricch (Audio),61000000.0,7.0,42,6,Statement with separator,False,False,False,False,False,False,False,False,True,False,False,False,False,False,False,False,True,False
cartoon,Mustard,top,tQuJFJCtvPs,"Mustard – Baguettes In The Face feat. NAV, Playboi Carti, A Boogie wit da Hoodie (Audio)",28000000.0,7.0,88,15,Statement with separator,False,False,False,False,False,False,False,False,True,True,False,False,False,False,False,False,False,True
cartoon,Mustard,top,OcpdkenPD2Q,Mustard – Perfect Ten feat. Nipsey Hussle (Audio),9900000.0,7.0,49,7,Statement with separator,False,False,False,False,False,False,False,False,True,False,False,False,False,False,False,False,True,False
cartoon,Mustard,top,qyOcPYeFByA,Mustard - Parking Lot feat. Travis Scott (Official Music Video),9900000.0,2.0,63,9,Statement with separator,False,False,False,False,False,False,False,False,True,False,False,False,False,False,False,False,False,True
cartoon,Mustard,top,n0zZ3mlsTI8,DJ Mustard - Don't Hurt Me (Feat. Nicki Minaj & Jeremih),7900000.0,10.0,56,9,Statement with separator,False,False,False,False,False,False,False,False,True,False,False,False,False,False,False,False,True,False
cartoon,Mustard,top,50ugWtSmWOU,Mustard - Ghetto (feat. Young Thug & Lil Durk) [Official Music Video],6400000.0,2.0,69,10,Statement with separator,False,False,False,False,False,False,False,False,True,False,False,False,False,False,False,False,False,True
cartoon,Mustard,weak,qamuutiF85U,MUSTARD LIFE OF A SEX SYMBOL: EP 2,20000.0,4.0,34,8,Statement with separator,False,False,False,False,False,False,True,True,True,True,False,False,False,False,False,True,False,False
cartoon,Mustard,weak,Yc9Dec6TQLs,Mustard - Parking Lot feat. Travis Scott (Pop-Up Video Version),26000.0,1.0,63,10,Statement with separator,False,False,False,False,False,False,False,False,True,False,False,False,False,False,False,False,False,True
cartoon,Mustard,weak,dBE86hEXt2o,MUSTARD LIFE OF A SEX SYMBOL: EP 1,27000.0,4.0,34,8,Statement with separator,False,False,False,False,False,False,True,True,True,True,False,False,False,False,False,True,False,False
cartoon,How Money Works,top,uK3OBAxCi6k,Your Job Achieves Nothing... (probably),6100000.0,5.0,39,5,Statement: other,False,False,False,False,False,False,False,False,False,False,False,True,False,False,False,True,False,False
cartoon,How Money Works,top,bVM76YxNPjQ,How The Wolf of Wall Street Scam Actually Worked,4800000.0,4.0,48,9,Statement: other,False,False,True,False,False,False,False,False,False,False,False,False,True,False,False,False,True,False
cartoon,How Money Works,top,1zjcZ661ups,If Nobody Can Afford A Home... Who's Going To Buy Them?,4000000.0,3.0,55,11,Q:other,True,False,False,False,False,False,False,False,False,False,False,False,False,False,False,False,True,False
cartoon,How Money Works,top,vT6qh72wCZk,The (Overdue) Collapse Of Short Term Rentals,3900000.0,2.0,44,7,Statement: The ...,False,False,False,False,False,True,False,False,False,False,False,False,False,False,True,False,True,False
cartoon,How Money Works,top,4hiVQf9MPzg,Here's Why You Want A Really Boring Job,3800000.0,4.0,39,8,Statement: other,False,False,False,False,False,False,False,False,False,False,False,True,True,False,False,True,False,False
cartoon,How Money Works,top,2LiOOzEOrx8,The (Overdue) Collapse of the 9-5 Job,3300000.0,2.0,37,8,Statement: The ...,False,False,False,False,False,True,True,False,False,False,False,False,False,False,True,True,False,False
cartoon,How Money Works,weak,Ts26T7AEHS8,Why We (Probably) Shouldn't Give Iran $300 Billion Dollars,287000.0,0.25,58,9,Statement: other,False,True,False,False,False,False,True,False,False,False,False,False,False,False,False,False,True,False
cartoon,How Money Works,weak,e-2GoFws3yE,Why Haven't We Had That Oil Crisis... Yet?,479000.0,0.16666666666666666,42,8,Q:Why,True,True,False,False,False,False,False,False,False,False,False,False,False,False,False,False,True,False
cartoon,How Money Works,weak,THodtjsCTSI,Is America Chasing Away All Of Its Smart People?,559000.0,0.08333333333333333,48,9,Q:Yes/no,True,False,False,False,True,False,False,False,False,False,False,False,False,False,False,False,True,False
cartoon,The Armchair Historian,top,OdiUezHJNI0,D-Day From the German Perspective | Animated History (REMASTER IN DESCRIPTION),8400000.0,7.0,78,11,Statement with separator,False,False,False,False,False,False,False,False,True,True,False,False,False,False,False,False,False,True
cartoon,The Armchair Historian,top,N8ZesKsbhJA,Life in German-Occupied France | Animated History,7600000.0,6.0,49,7,Statement with separator,False,False,False,False,False,False,False,False,True,False,False,False,False,False,False,False,True,False
cartoon,The Armchair Historian,top,EUTo1urxwPo,D-Day From the German Perspective | Animated History,7100000.0,5.0,52,8,Statement with separator,False,False,False,False,False,False,False,False,True,False,False,False,False,False,False,False,True,False
cartoon,The Armchair Historian,top,_pgcFqraekE,Vietnam War from the North Vietnamese Perspective | Animated History,6100000.0,5.0,68,9,Statement with separator,False,False,False,False,False,False,False,False,True,False,False,False,False,False,False,False,False,True
cartoon,The Armchair Historian,top,aQvd2uhpZRI,2001 Invasion of Afghanistan | Animated History (REMASTER IN DESCRIPTION),5700000.0,6.0,73,9,Statement with separator,False,False,False,False,False,False,True,False,True,True,False,False,False,False,False,False,False,True
cartoon,The Armchair Historian,top,yeHo-3Klmx0,The North African Campaign | Animated History,5400000.0,7.0,45,6,Statement with separator,False,False,False,False,False,True,False,False,True,False,False,False,False,False,False,False,True,False
cartoon,The Armchair Historian,weak,nc4tcJL6-W0,British Tank Development in WWI,107000.0,0.4166666666666667,31,5,Statement: other,False,False,False,False,False,False,False,False,False,True,False,False,False,False,False,True,False,False
cartoon,The Armchair Historian,weak,hqt96HLH6PM,WW1's Forgotten Middle Eastern Theater (Uncensored Version),141000.0,0.3333333333333333,59,7,Statement: other,False,False,False,False,False,False,True,False,False,False,False,False,False,True,False,False,True,False
cartoon,The Armchair Historian,weak,p-gleC7WxNY,Life in German-Occupied Poland (Uncensored Version),166000.0,0.5,51,7,Statement: other,False,False,False,False,False,False,False,False,False,False,False,False,False,False,False,False,True,False
cartoon,AsapSCIENCE,top,yDiXQl7grPQ,"Do You Hear ""Yanny"" or ""Laurel""? (SOLVED with SCIENCE)",68000000.0,8.0,54,9,Q:Yes/no,True,False,False,False,True,False,False,False,False,True,False,True,False,False,False,False,True,False
cartoon,AsapSCIENCE,top,rz4Dd1I_fX0,The Periodic Table Song (2018 Update!) | SCIENCE SONGS,64000000.0,8.0,54,8,Statement with separator,False,False,False,False,False,True,True,False,True,True,True,False,False,False,False,False,True,False
cartoon,AsapSCIENCE,top,VgVQKCcfwnU,The Periodic Table Song | SCIENCE SONGS,36000000.0,10.0,39,6,Statement with separator,False,False,False,False,False,True,False,False,True,True,False,False,False,False,False,True,False,False
cartoon,AsapSCIENCE,top,EiYm20F9WXU,How To Fall Asleep In 2 Minutes,32000000.0,7.0,31,7,Statement: other,False,False,True,False,False,False,True,False,False,False,False,False,False,False,False,True,False,False
cartoon,AsapSCIENCE,top,KMGUmcveQeg,This Is 200 Calories,27000000.0,13.0,20,4,Statement: other,False,False,False,False,False,False,True,False,False,False,False,False,False,False,False,True,False,False
cartoon,AsapSCIENCE,top,GU3JqoUDkjA,Is Masturbation Good For You?,24000000.0,11.0,29,5,Q:Yes/no,True,False,False,False,True,False,False,False,False,False,False,True,False,False,False,True,False,False
cartoon,AsapSCIENCE,weak,mb4qfjuX0Lo,This substance could revolutionize human waste,84000.0,0.3333333333333333,46,6,Statement: other,False,False,False,False,False,False,False,False,False,False,False,False,False,False,False,False,True,False
cartoon,AsapSCIENCE,weak,Nz2Y0e7SgFY,The shoes that broke walking,106000.0,0.9166666666666666,28,5,Statement: The ...,False,False,False,False,False,True,False,False,False,False,False,False,False,False,False,True,False,False
cartoon,AsapSCIENCE,weak,X74HAutp9LA,The twin experiment that broke genetics research,197000.0,0.25,48,7,Statement: The ...,False,False,False,False,False,True,False,False,False,False,False,False,False,False,False,False,True,False
cartoon,SciShow,top,wj0qx56cwOw,The Sex Lives of Early Humans,12000000.0,14.0,29,6,Statement: The ...,False,False,False,False,False,True,False,False,False,False,False,False,False,False,False,True,False,False
cartoon,SciShow,top,zz6v6OfoQvs,"The Deepest Hole in the World, And What We've Learned From It",12000000.0,12.0,61,12,Statement: The ...,False,False,False,False,False,True,False,False,False,False,False,False,False,False,False,False,False,True
cartoon,SciShow,top,ckSoDW2-wrc,The 5 Most Dangerous Chemicals on Earth,11000000.0,11.0,39,7,Statement: The ...,False,False,False,False,False,True,True,False,False,False,False,False,False,False,False,True,False,False
cartoon,SciShow,top,2z35_1e1MtI,The Deadliest Toxins on Earth,9800000.0,13.0,29,5,Statement: The ...,False,False,False,False,False,True,False,False,False,False,False,False,False,False,False,True,False,False
cartoon,SciShow,top,ex0URF-hWj4,Bananas Are Not What You Think | The Shocking Truth,9700000.0,13.0,51,9,Statement with separator,False,False,False,False,False,False,False,False,True,False,False,True,True,True,False,False,True,False
cartoon,SciShow,top,-Wfu0GR-mE8,A Timeline of Life on Earth: 4 Billion Years of History,8400000.0,9.0,55,11,Statement with separator,False,False,False,False,False,False,True,True,True,False,False,False,False,False,False,False,True,False
cartoon,SciShow,weak,uSfJXecof4M,Why You Should Get Your DNA Sequenced After You Die,145000.0,0.07692307692307693,51,10,Statement: other,False,True,False,False,False,False,False,False,False,False,False,True,False,False,False,False,True,False
cartoon,SciShow,weak,AzTJx-XBXGg,4 Things We Can Learn From Explosions,173000.0,0.057692307692307696,37,7,Statement: other,False,False,False,False,False,False,True,False,False,False,False,False,False,False,False,True,False,False
cartoon,SciShow,weak,LLNaEJZx_uU,The Stinky Fish Sauce Ancient Romans Couldn’t Live Without,179000.0,0.057692307692307696,58,9,Statement: The ...,False,False,False,False,False,True,False,False,False,False,False,False,False,False,False,False,True,False
cartoon,Alan Becker,top,pCBP4M08ndE,Cave Spider Roller Coaster - Animation vs. Minecraft Shorts Ep. 14,537000000.0,7.0,66,10,Statement with separator,False,False,False,False,False,False,True,False,True,False,False,False,False,False,False,False,False,True
cartoon,Alan Becker,top,GW_fdXHOWp4,Animation vs. Minecraft (original),351000000.0,10.0,34,4,Statement: other,False,False,False,False,False,False,False,False,False,False,False,False,False,False,False,True,False,False
cartoon,Alan Becker,top,sHFeuBlBUos,Animation vs. Minecraft Shorts Season 1 - All Episodes (1-14),283000000.0,6.0,61,10,Statement with separator,False,False,False,False,False,False,True,False,True,False,False,False,False,False,False,False,False,True
cartoon,Alan Becker,top,c9DrryMw248,Note Blocks - Animation vs. Minecraft Shorts Ep. 5 (music by AaronGrooves),236000000.0,8.0,74,11,Statement with separator,False,False,False,False,False,False,True,False,True,False,False,False,False,False,False,False,False,True
cartoon,Alan Becker,top,q4dANhP7BVg,Parkour - Animation vs. Minecraft Shorts Ep. 22,209000000.0,5.0,47,7,Statement with separator,False,False,False,False,False,False,True,False,True,False,False,False,False,False,False,False,True,False
cartoon,Alan Becker,top,VWHTlq5Fcr8,Animation vs. Minecraft Shorts Season 3 - All Episodes (20-30),208000000.0,3.0,62,10,Statement with separator,False,False,False,False,False,False,True,False,True,False,False,False,False,False,False,False,False,True
cartoon,Alan Becker,weak,K4lvfmbMkcw,Animation VERSUS! - Reveal Trailer - Kickstarter,5900000.0,1.0,48,5,Statement with separator,False,False,False,False,False,False,False,False,True,True,True,False,False,False,False,False,True,False
cartoon,Alan Becker,weak,4XkapJvLDhA,An Actual Short Compilation - Season 3 (official),9200000.0,0.6666666666666666,49,7,Statement with separator,False,False,False,False,False,False,True,False,True,False,False,False,False,False,False,False,True,False
cartoon,Alan Becker,weak,YPURifoeYfk,Beta - Animation vs. Minecraft Shorts Ep 0,11000000.0,1.0,42,7,Statement with separator,False,False,False,False,False,False,True,False,True,False,False,False,False,False,False,False,True,False
cartoon,"easy, actually",top,C5OJJD3Eytk,"becoming smart is easy, actually",9700000.0,2.0,32,5,Statement: other,False,False,False,False,False,False,False,False,False,False,False,False,True,False,False,True,False,False
cartoon,"easy, actually",top,aiGlxpSCMD8,"losing weight is easy, actually",4400000.0,2.0,31,5,Statement: other,False,False,False,False,False,False,False,False,False,False,False,False,True,False,False,True,False,False
cartoon,"easy, actually",top,E6588DlZW-c,"learning a new language is easy, actually",4000000.0,2.0,41,7,Statement: other,False,False,False,False,False,False,False,False,False,False,False,False,True,False,False,False,True,False
cartoon,"easy, actually",top,K0QeSpu26wM,"quitting your youtube addiction is easy, actually",2300000.0,1.0,49,7,Statement: other,False,False,False,False,False,False,False,False,False,False,False,True,True,False,False,False,True,False
cartoon,"easy, actually",top,9goOuIy8Ok4,"getting a personality is easy, actually",1900000.0,2.0,39,6,Statement: other,False,False,False,False,False,False,False,False,False,False,False,False,True,False,False,True,False,False
cartoon,"easy, actually",top,qkFYqY3vr84,"coding is easy, actually",1700000.0,1.0,24,4,Statement: other,False,False,False,False,False,False,False,False,False,False,False,False,True,False,False,True,False,False
cartoon,"easy, actually",weak,0UDhADj2Ljk,"building an app is easy, actually",61000.0,0.25,33,6,Statement: other,False,False,False,False,False,False,False,False,False,False,False,False,True,False,False,True,False,False
cartoon,"easy, actually",weak,9Ff5LyP1IhY,"investing is easy, actually",135000.0,0.75,27,4,Statement: other,False,False,False,False,False,False,False,False,False,False,False,False,True,False,False,True,False,False
cartoon,"easy, actually",weak,iTfhdXFERu8,"not being insecure is easy, actually",181000.0,0.8333333333333334,36,6,Statement: other,False,False,False,False,False,False,False,False,False,False,False,False,True,False,False,True,False,False
cartoon,Yellow Dude,top,Rb_x-3UGrfE,开着兰博基尼Aventador SV 去炸街! - CRAZY LOUD Lamborghini Aventador SV,1100000.0,8.0,61,7,Statement with separator,False,False,False,False,False,False,False,False,True,True,True,False,False,True,False,False,False,True
cartoon,Yellow Dude,top,PxA8s5iYCTw,黑五促销送女朋友一台新宾利，她感动哭了！,936000.0,7.0,20,0,Statement: other,False,False,False,False,False,False,False,False,False,False,False,False,False,False,False,True,False,False
cartoon,Yellow Dude,top,WsXBf2xzqdE,喜提人生第一台兰博基尼,764000.0,8.0,11,0,Statement: other,False,False,False,False,False,False,False,False,False,False,False,False,False,False,False,True,False,False
cartoon,Yellow Dude,top,rtf4cHXSSWY,开着半个亿的拉法敞篷炸街，把警察都炸出来了！,757000.0,6.0,22,0,Statement: other,False,False,False,False,False,False,False,False,False,False,False,False,False,False,False,True,False,False
cartoon,Yellow Dude,top,YqXFXx-PjUQ,"她送了我一台$400,000全新敞篷劳斯莱斯！不敢相信",651000.0,7.0,27,2,Statement: other,False,False,False,False,False,False,True,False,False,False,False,False,False,False,False,True,False,False
cartoon,Yellow Dude,top,RYZxNli-cGM,"开$2,700,000 帕加尼huayra炸翻整个停车场",594000.0,7.0,28,4,Statement: other,False,False,False,False,False,False,True,False,False,False,False,False,False,False,False,True,False,False
cartoon,Yellow Dude,weak,DggBnYM0Hw4,历时一年零三个月，在禾木终于学会了滑雪,2800.0,1.0,19,0,Statement: other,False,False,False,False,False,False,False,False,False,False,False,False,False,False,False,True,False,False
cartoon,Yellow Dude,weak,1geDNhbjqzw,体验日本轻井泽最值得住的温泉酒店-平松,3700.0,1.0,19,0,Statement: other,False,False,False,False,False,False,False,False,False,False,False,False,False,False,False,True,False,False
cartoon,Yellow Dude,weak,hvWOBTz6O4U,一天花一万块钱在东京能体验到什么样的生活？,4800.0,1.0,21,0,Statement: other,False,False,False,False,False,False,False,False,False,False,False,False,False,False,False,True,False,False
cartoon,Tapakapa,top,my2FQK5hHic,Why Yakuza Don't Need to Hide,5300000.0,9.0,29,6,Statement: other,False,True,False,False,False,False,False,False,False,False,False,False,False,False,False,True,False,False
cartoon,Tapakapa,top,OZliu-WRgLk,The Mafia Explained,1800000.0,9.0,19,3,Statement: The ...,False,False,False,False,False,True,False,False,False,False,False,False,False,False,False,True,False,False
cartoon,Tapakapa,top,1GaptwpNgW8,You Can't Just Leave.*,1500000.0,4.0,22,4,Statement: other,False,False,False,False,False,False,False,False,False,False,False,True,False,False,False,True,False,False
cartoon,Tapakapa,top,0Pqcwj4zI0k,Why South Korea Censors its Maps,1400000.0,6.0,32,6,Statement: other,False,True,False,False,False,False,False,False,False,False,False,False,False,False,False,True,False,False
cartoon,Tapakapa,top,BRNrrj03akw,This is the American Flag.*,1300000.0,3.0,27,5,Statement: other,False,False,False,False,False,False,False,False,False,False,False,False,False,False,False,True,False,False
cartoon,Tapakapa,top,VHtdeYuN048,FOOTBALL in the DESERT?! - Qatar 2022,997000.0,8.0,37,6,Q:other,True,False,False,False,False,False,True,False,True,True,True,False,False,False,False,True,False,False
cartoon,Tapakapa,weak,PqElHA64eEk,F1 explained real good*,18000.0,0.8333333333333334,23,4,Statement: other,False,False,False,False,False,False,True,False,False,False,False,False,False,False,False,True,False,False
cartoon,Tapakapa,weak,hxFmj-Gqna8,vienna's public transport explained real good*,36000.0,0.5833333333333334,46,6,Statement: other,False,False,False,False,False,False,False,False,False,False,False,False,False,False,False,False,True,False
cartoon,Tapakapa,weak,lRlxv28bDP8,When You Use The Same Flag Thrice.*,87000.0,1.0,35,7,Statement: other,False,False,False,False,False,False,False,False,False,False,False,True,False,False,False,True,False,False
cartoon,Productive Peter,top,Xtxscxi83XA,Life is Short (How to Spend It Wisely),4800000.0,1.0,38,8,Statement: other,False,False,False,False,False,False,False,False,False,False,False,False,False,False,False,True,False,False
cartoon,Productive Peter,top,bB6sNC0-e1k,This Will Find You When You Need It Most,3100000.0,1.0,40,9,Statement: other,False,False,False,False,False,False,False,False,False,False,False,True,False,False,False,True,False,False
cartoon,Productive Peter,top,MGXwxwYMgfU,Life Explained in 15 minutes,2600000.0,1.0,28,5,Statement: other,False,False,False,False,False,False,True,False,False,False,False,False,False,False,False,True,False,False
cartoon,Productive Peter,top,xtGn6s7ljHk,8 things I did to stop wasting my evenings after work,1800000.0,1.0,53,11,Statement: other,False,False,False,False,False,False,True,False,False,False,False,False,False,False,False,False,True,False
cartoon,Productive Peter,top,j4avMJ_hemk,"becoming social is easy, actually",1500000.0,1.0,33,5,Statement: other,False,False,False,False,False,False,False,False,False,False,False,False,True,False,False,True,False,False
cartoon,Productive Peter,top,q7K9SmJVfYo,What Actually Matters in Your 20s,1300000.0,1.0,33,6,Statement: other,False,False,False,True,False,False,True,False,False,False,False,True,True,False,False,True,False,False
cartoon,Productive Peter,weak,_sIpIwHwGuU,Why Nobody Talks About Gen X...,3100.0,0.4166666666666667,31,6,Statement: other,False,True,False,False,False,False,False,False,False,False,False,False,False,False,False,True,False,False
cartoon,Productive Peter,weak,AvwRQBTvZUc,Calm is power,5600.0,0.3333333333333333,13,3,Statement: other,False,False,False,False,False,False,False,False,False,False,False,False,False,False,False,True,False,False
cartoon,Productive Peter,weak,-v3D8wNUUjk,How to STUDY so FAST it feels like CHEATING,5900.0,0.25,43,9,Statement: other,False,False,True,False,False,False,False,False,False,True,False,False,False,False,False,False,True,False
cartoon,someunfilteredguy,top,WO5l2Siz8uU,Give Me 7 minutes and I'll Force You to Lock In This 2025,3900000.0,1.0,57,13,Statement: other,False,False,False,False,False,False,True,False,False,False,False,True,False,False,False,False,True,False
cartoon,someunfilteredguy,top,ntsPz2nOC9s,How to Actually Master Small Talk Even if You're an Introvert,3100000.0,1.0,61,11,Statement: other,False,False,True,False,False,False,False,False,False,False,False,True,True,False,False,False,False,True
cartoon,someunfilteredguy,top,1o3t5UlJhiA,"Not Giving a F*ck is simple, actually",1700000.0,1.0,37,8,Statement: other,False,False,False,False,False,False,False,False,False,False,False,False,True,False,False,True,False,False
cartoon,someunfilteredguy,top,5ryCb5jvx4Q,How to Learn Anything Faster Than Everyone,1200000.0,1.0,42,7,Statement: other,False,False,True,False,False,False,False,False,False,False,False,False,False,False,False,False,True,False
cartoon,someunfilteredguy,top,BQc_uDiZfBc,The Question that changed my life as an introvert... forever.,368000.0,1.0,61,10,Statement: The ...,False,False,False,False,False,True,False,False,False,False,False,False,False,False,False,False,False,True
cartoon,someunfilteredguy,top,AuB5BRwiX_s,"Stopping Procrastination is Ridiculously simple, actually",310000.0,1.0,57,6,Statement: other,False,False,False,False,False,False,False,False,False,False,False,False,True,False,False,False,True,False
cartoon,someunfilteredguy,weak,npH8_3GWPVg,The Art of Being Nonchalant,20000.0,0.25,27,5,Statement: The ...,False,False,False,False,False,True,False,False,False,False,False,False,False,False,False,True,False,False
cartoon,someunfilteredguy,weak,NyJQBOFTIo0,"Getting a Job is simple, actually",35000.0,1.0,33,6,Statement: other,False,False,False,False,False,False,False,False,False,False,False,False,True,False,False,True,False,False
cartoon,someunfilteredguy,weak,X9SxCayINkc,"Enjoying College is simple, actually",41000.0,1.0,36,5,Statement: other,False,False,False,False,False,False,False,False,False,False,False,False,True,False,False,True,False,False
cartoon,Mind Known,top,WqJnoEb2f00,6 Physical Symptoms of Grief You Shouldn’t Ignore,750000.0,2.0,49,8,Statement: other,False,False,False,False,False,False,True,False,False,False,False,True,False,False,False,False,True,False
cartoon,Mind Known,top,0zrlKLgnov4,Polyvagal Theory Made Simple,367000.0,2.0,28,4,Statement: other,False,False,False,False,False,False,False,False,False,False,False,False,False,False,False,True,False,False
cartoon,Mind Known,top,DA0Pbe1Lz-c,9 Cognitive Distortions that can Cause Anxiety and Depression,147000.0,4.0,61,9,Statement: other,False,False,False,False,False,False,True,False,False,False,False,False,False,False,False,False,False,True
cartoon,Mind Known,top,eKrPFBxhhvg,The 3 Levels of Autism Explained (Made Simple),128000.0,0.16666666666666666,46,8,Statement: The ...,False,False,False,False,False,True,True,False,False,False,False,False,False,False,False,False,True,False
cartoon,Mind Known,top,jb0oxpQAZv0,9 Cognitive Biases You Need to Avoid,111000.0,3.0,36,7,Statement: other,False,False,False,False,False,False,True,False,False,False,False,True,False,False,False,True,False,False
cartoon,Mind Known,top,z76PqJeJUNQ,Catastrophizing: How to Stop Expecting the Worst,75000.0,3.0,48,7,Statement with separator,False,False,False,False,False,False,False,True,True,False,False,False,False,True,False,False,True,False
cartoon,Mind Known,weak,4rBmgkSpVoQ,This Equation Explains Your Suffering,286.0,0.25,37,5,Statement: other,False,False,False,False,False,False,False,False,False,False,False,True,False,False,False,True,False,False
cartoon,Mind Known,weak,FWrwjhdqZP0,Why Smells Can Make You Feel Like a Loved One Is Still Here — The Neuroscience of Grief,297.0,0.16666666666666666,87,17,Statement with separator,False,True,False,False,False,False,False,False,True,False,False,True,False,False,False,False,False,True
cartoon,Mind Known,weak,uJ1oJX4Dhrk,The Reason Your Negative Thoughts Keep Coming Back,486.0,0.25,50,8,Statement: The ...,False,False,False,False,False,True,False,False,False,False,False,True,False,False,False,False,True,False
